platform,controller,trajectory,traj_double,traj_short,traj_spin,lookahead_time,time,traj_time,ref_time,comp_time,x,y,z,yaw,vx,vy,vz,x_ref,y_ref,z_ref,yaw_ref,vx_ref,vy_ref,vz_ref,p,q,r,throttle_input,p_input,q_input,r_input,cbf_v_throttle,cbf_v_p,cbf_v_q,cbf_v_r
SIM,nr,CIRCLE_HORIZONTAL,DblSpd,Not Short,NoSpin,1.2,10.0825,0.0811122,1.28111,0.0114766,0.418777,-1.45017,-2.87692,0.00158807,-0.0464702,0.0964776,-0.061161,0.195797,0.567154,-3,0,-0.548236,0.189266,0,0.0810018,0.00305987,-0.000114014,0.762282,0.727347,0.0597247,-0.0265499,0,0,0,0
SIM,nr,CIRCLE_HORIZONTAL,DblSpd,Not Short,NoSpin,1.2,10.1816,0.180176,1.38018,0.00826917,0.411325,-1.42292,-2.88552,0.00159406,-0.0483255,0.10374,-0.0914886,0.140673,0.583276,-3,0,-0.56382,0.13598,0,0.403995,0.0498724,-0.00383929,0.767206,0.73741,0.0814948,-0.0384647,0,0,0,0
SIM,nr,CIRCLE_HORIZONTAL,DblSpd,Not Short,NoSpin,1.2,10.3026,0.287808,1.48781,0.0132801,0.404364,-1.39935,-2.89798,0.00144204,-0.0542849,0.141226,-0.167949,0.0793364,0.594732,-3,0,-0.574894,0.07669,0,0.705854,0.0857147,-0.00978808,0.760617,0.610172,0.0846806,-0.0370598,0,0,0,0
SIM,nr,CIRCLE_HORIZONTAL,DblSpd,Not Short,NoSpin,1.2,10.3821,0.380623,1.58062,0.0172677,0.39525,-1.36724,-2.91938,0.00117667,-0.0688905,0.245591,-0.235784,0.02573,0.599448,-3,0,-0.579453,0.0248718,0,0.642884,0.0869874,-0.0164293,0.752882,0.442642,0.0782438,-0.029989,0,0,0,0
SIM,nr,CIRCLE_HORIZONTAL,DblSpd,Not Short,NoSpin,1.2,10.4933,0.478548,1.67855,0.013271,0.381223,-1.31232,-2.95189,0.000704115,-0.0968727,0.440002,-0.285951,-0.0310431,0.599196,-3,0,-0.57921,-0.0300076,0,0.432514,0.0794264,-0.0224173,0.742569,0.20548,0.0649533,-0.01947,0,0,0,0
SIM,nr,CIRCLE_HORIZONTAL,DblSpd,Not Short,NoSpin,1.2,10.6023,0.585027,1.78503,0.0157228,0.36674,-1.24975,-2.98039,0.000123054,-0.126279,0.629279,-0.298245,-0.0924435,0.592836,-3,0,-0.573061,-0.0893599,0,0.19471,0.0620107,-0.0245535,0.733941,-0.0304519,0.0482307,-0.00943537,0,0,0,0
SIM,nr,CIRCLE_HORIZONTAL,DblSpd,Not Short,NoSpin,1.2,10.696,0.675599,1.8756,0.0188909,0.347917,-1.15884,-3.0119,-0.000598941,-0.163018,0.850024,-0.292883,-0.143927,0.582482,-3,0,-0.563053,-0.139126,0,-0.030175,0.0462175,-0.0220974,0.729242,-0.197716,0.0330312,-0.00321236,0,0,0,0
SIM,nr,CIRCLE_HORIZONTAL,DblSpd,Not Short,NoSpin,1.2,10.7794,0.777961,1.97796,0.0188402,0.318977,-1.01218,-3.04899,-0.00134038,-0.214117,1.11739,-0.272385,-0.200764,0.565415,-3,0,-0.546555,-0.194067,0,-0.254665,0.0245432,-0.0162588,0.726648,-0.329567,0.0189885,0.00028838,0,0,0,0
SIM,nr,CIRCLE_HORIZONTAL,DblSpd,Not Short,NoSpin,1.2,10.8936,0.873472,2.07347,0.01864,0.300622,-0.919985,-3.06747,-0.00161746,-0.243375,1.24649,-0.259746,-0.252037,0.544497,-3,0,-0.526335,-0.24363,0,-0.355919,0.0128476,-0.0133152,0.725488,-0.436436,0.00376574,0.00143409,0,0,0,0
SIM,nr,CIRCLE_HORIZONTAL,DblSpd,Not Short,NoSpin,1.2,10.9775,0.976044,2.17604,0.0157979,0.261016,-0.725873,-3.09936,-0.00192301,-0.300005,1.44656,-0.239245,-0.304698,0.516874,-3,0,-0.499634,-0.294534,0,-0.511417,-0.0100403,-0.0078247,0.725777,-0.521678,-0.0174548,-0.00088234,0,0,0,0
SIM,nr,CIRCLE_HORIZONTAL,DblSpd,Not Short,NoSpin,1.2,11.1028,1.08435,2.28435,0.0169411,0.22826,-0.570916,-3.1205,-0.00198851,-0.340752,1.54767,-0.229621,-0.357044,0.482203,-3,0,-0.466119,-0.345134,0,-0.585755,-0.0278626,-0.0044978,0.72693,-0.546741,-0.032558,-0.0049801,0,0,0,0
SIM,nr,CIRCLE_HORIZONTAL,DblSpd,Not Short,NoSpin,1.2,11.18,1.17853,2.37853,0.0185613,0.182627,-0.366421,-3.1451,-0.00181421,-0.388345,1.61035,-0.223233,-0.399403,0.447747,-3,0,-0.432812,-0.386081,0,-0.613258,-0.043317,-0.000776028,0.727939,-0.535425,-0.0413665,-0.00852037,0,0,0,0
SIM,nr,CIRCLE_HORIZONTAL,DblSpd,Not Short,NoSpin,1.2,11.2855,1.28405,2.48405,0.0131203,0.136377,-0.178343,-3.16698,-0.00143575,-0.426754,1.59771,-0.220528,-0.44292,0.404749,-3,0,-0.391248,-0.428146,0,-0.581933,-0.0540325,-0.00327344,0.728957,-0.48018,-0.0523332,-0.0134804,0,0,0,0
SIM,nr,CIRCLE_HORIZONTAL,DblSpd,Not Short,NoSpin,1.2,11.3962,1.38267,2.58267,0.0120995,0.098734,-0.0399626,-3.18352,-0.00109904,-0.451393,1.54332,-0.218527,-0.479436,0.360751,-3,0,-0.348718,-0.463444,0,-0.525826,-0.0615986,-0.00470975,0.729411,-0.398891,-0.0586488,-0.016542,0,0,0,0
SIM,nr,CIRCLE_HORIZONTAL,DblSpd,Not Short,NoSpin,1.2,11.4812,1.47978,2.67978,0.0122596,0.0479496,0.125864,-3.20477,-0.000648775,-0.475972,1.42092,-0.212429,-0.511139,0.314224,-3,0,-0.303742,-0.49409,0,-0.434049,-0.0669836,-0.00724298,0.729219,-0.310244,-0.0605706,-0.0174089,0,0,0,0
SIM,nr,CIRCLE_HORIZONTAL,DblSpd,Not Short,NoSpin,1.2,11.5872,1.58575,2.78575,0.0124688,-0.000571718,0.260241,-3.22385,-0.000293279,-0.492047,1.26506,-0.201259,-0.540591,0.260311,-3,0,-0.251628,-0.522559,0,-0.327868,-0.0670891,-0.00886947,0.728635,-0.208804,-0.0603004,-0.0167717,0,0,0,0
SIM,nr,CIRCLE_HORIZONTAL,DblSpd,Not Short,NoSpin,1.2,11.6806,1.67918,2.87918,0.0147826,-0.0496013,0.372639,-3.24175,-6.04426e-05,-0.50078,1.07763,-0.18457,-0.561866,0.210492,-3,0,-0.203471,-0.543124,0,-0.22727,-0.0663219,-0.0101472,0.727955,-0.121194,-0.0593413,-0.0153429,0,0,0,0
SIM,nr,CIRCLE_HORIZONTAL,DblSpd,Not Short,NoSpin,1.2,11.7868,1.78536,2.98536,0.0123715,-0.102098,0.467479,-3.25885,8.64516e-05,-0.502622,0.851073,-0.160334,-0.580474,0.151821,-3,0,-0.146757,-0.561112,0,-0.109977,-0.0618417,-0.0135235,0.727166,-0.0232059,-0.0569343,-0.0128731,0,0,0,0
SIM,nr,CIRCLE_HORIZONTAL,DblSpd,Not Short,NoSpin,1.2,11.8957,1.88249,3.08249,0.0117269,-0.149604,0.52936,-3.27216,0.000101612,-0.497915,0.631172,-0.134318,-0.592152,0.0967294,-3,0,-0.0935029,-0.5724,0,-0.00363537,-0.058819,-0.0130515,0.72666,0.0576905,-0.0542652,-0.010234,0,0,0,0
SIM,nr,CIRCLE_HORIZONTAL,DblSpd,Not Short,NoSpin,1.2,12.0051,1.98862,3.18862,0.0149011,-0.207372,0.571186,-3.28481,-3.11211e-05,-0.483879,0.355678,-0.100322,-0.598944,0.0355767,-3,0,-0.03439,-0.578966,0,0.104674,-0.0552922,-0.011376,0.726497,0.115694,-0.0515269,-0.00786324,0,0,0,0
SIM,nr,CIRCLE_HORIZONTAL,DblSpd,Not Short,NoSpin,1.2,12.1,2.08749,3.28749,0.011045,-0.25178,0.578118,-3.29192,-0.000185521,-0.467047,0.145113,-0.0749206,-0.599606,-0.0217402,-3,0,0.0210151,-0.579605,0,0.167506,-0.0508072,-0.010633,0.726512,0.172885,-0.0485378,-0.00513765,0,0,0,0
SIM,nr,CIRCLE_HORIZONTAL,DblSpd,Not Short,NoSpin,1.2,12.192,2.17925,3.37925,0.0112515,-0.290516,0.566005,-3.29649,-0.000375752,-0.447574,-0.0339598,-0.0542741,-0.595323,-0.0747688,-3,0,0.0722748,-0.575465,0,0.222867,-0.0461942,-0.00967931,0.726747,0.206914,-0.0459822,-0.00311483,0,0,0,0
SIM,nr,CIRCLE_HORIZONTAL,DblSpd,Not Short,NoSpin,1.2,12.2953,2.28245,3.48245,0.0113412,-0.330072,0.535525,-3.29985,-0.000542133,-0.422073,-0.208718,-0.0362454,-0.584918,-0.133683,-3,0,0.129224,-0.565407,0,0.260207,-0.0454336,-0.00777959,0.727171,0.230271,-0.0426151,-0.00112365,0,0,0,0
SIM,nr,CIRCLE_HORIZONTAL,DblSpd,Not Short,NoSpin,1.2,12.4017,2.38771,3.58771,0.012463,-0.366506,0.489938,-3.30241,-0.000687642,-0.392211,-0.358737,-0.0231255,-0.568313,-0.192408,-3,0,0.18599,-0.549356,0,0.28001,-0.0380872,-0.00626456,0.7276,0.236253,-0.0394614,0.000250576,0,0,0,0
SIM,nr,CIRCLE_HORIZONTAL,DblSpd,Not Short,NoSpin,1.2,12.4797,2.47826,3.67826,0.0128167,-0.401925,0.427193,-3.30467,-0.000834213,-0.35522,-0.490346,-0.013776,-0.549317,-0.241352,-3,0,0.233302,-0.530994,0,0.283839,-0.0351306,-0.00277507,0.727966,0.232114,-0.0358302,0.0012106,0,0,0,0
SIM,nr,CIRCLE_HORIZONTAL,DblSpd,Not Short,NoSpin,1.2,12.5903,2.58886,3.78886,0.0125809,-0.435431,0.349546,-3.30617,-0.000924003,-0.311627,-0.594753,-0.00759643,-0.520427,-0.29859,-3,0,0.28863,-0.503067,0,0.272931,-0.0311328,-0.00104588,0.728329,0.21567,-0.0327284,0.00190252,0,0,0,0
SIM,nr,CIRCLE_HORIZONTAL,DblSpd,Not Short,NoSpin,1.2,12.6872,2.68582,3.88582,0.0108569,-0.458153,0.284156,-3.30673,-0.000901596,-0.274715,-0.650533,-0.00526519,-0.4902,-0.345983,-3,0,0.334442,-0.473849,0,0.253505,-0.0241458,0.000303086,0.728624,0.19188,-0.0284482,0.00218295,0,0,0,0
SIM,nr,CIRCLE_HORIZONTAL,DblSpd,Not Short,NoSpin,1.2,12.7837,2.78224,3.98224,0.0128261,-0.479041,0.210927,-3.30684,-0.000828244,-0.23265,-0.687096,-0.00414885,-0.455869,-0.390107,-3,0,0.377094,-0.440663,0,0.224457,-0.023619,0.00171782,0.728867,0.164461,-0.0253854,0.00217207,0,0,0,0
SIM,nr,CIRCLE_HORIZONTAL,DblSpd,Not Short,NoSpin,1.2,12.9018,2.88842,4.08842,0.0118533,-0.496154,0.138364,-3.30673,-0.000682883,-0.189264,-0.700748,-0.00396627,-0.4135,-0.434762,-3,0,0.42026,-0.399707,0,0.191848,-0.0186631,0.00217566,0.729064,0.129677,-0.0221218,0.00194087,0,0,0,0
SIM,nr,CIRCLE_HORIZONTAL,DblSpd,Not Short,NoSpin,1.2,12.9948,2.98206,4.18206,0.0113102,-0.508493,0.0744094,-3.30659,-0.00049238,-0.148783,-0.695571,-0.004371,-0.37251,-0.470358,-3,0,0.454669,-0.360084,0,0.156981,-0.0155766,0.00332511,0.729223,0.0989527,-0.0203843,0.00168874,0,0,0,0
SIM,nr,CIRCLE_HORIZONTAL,DblSpd,Not Short,NoSpin,1.2,13.088,3.08654,4.28654,0.0128097,-0.51969,-0.00689954,-3.30632,-0.000146757,-0.0926132,-0.667127,-0.00502075,-0.323188,-0.505519,-3,0,0.488657,-0.312408,0,0.107344,-0.0124269,0.00284862,0.729335,0.064752,-0.0169488,0.00116123,0,0,0,0
SIM,nr,CIRCLE_HORIZONTAL,DblSpd,Not Short,NoSpin,1.2,13.1868,3.18538,4.38538,0.0169408,-0.523072,-0.0661498,-3.30578,0.000185629,-0.0460921,-0.631736,-0.00562698,-0.27349,-0.534044,-3,0,0.516231,-0.264368,0,0.0715397,-0.0103539,0.00185137,0.729471,0.0400221,-0.0153702,0.000761427,0,0,0,0
SIM,nr,CIRCLE_HORIZONTAL,DblSpd,Not Short,NoSpin,1.2,13.2961,3.28134,4.48134,0.0133182,-0.521941,-0.11565,-3.30522,0.000519984,-0.00307927,-0.592539,-0.00601077,-0.22285,-0.55708,-3,0,0.538498,-0.215416,0,0.0454848,-0.00849436,0.00226273,0.729548,0.0137056,-0.0106233,0.000106823,0,0,0,0
SIM,nr,CIRCLE_HORIZONTAL,DblSpd,Not Short,NoSpin,1.2,13.3979,3.38367,4.58367,0.01279,-0.516366,-0.164315,-3.30478,0.000956508,0.0443158,-0.545742,-0.00700691,-0.166746,-0.576364,-3,0,0.557139,-0.161184,0,0.0140311,-0.00295152,0.00265667,0.729625,-0.00743759,-0.00560396,-0.000522816,0,0,0,0
SIM,nr,CIRCLE_HORIZONTAL,DblSpd,Not Short,NoSpin,1.2,13.4939,3.48107,4.68107,0.0113946,-0.506521,-0.206909,-3.30491,0.001385,0.0911188,-0.497109,-0.00806991,-0.111816,-0.589489,-3,0,0.569826,-0.108087,0,-0.0101937,-0.000887219,0.00172674,0.729659,-0.0214141,-0.00129442,-0.00106704,0,0,0,0
SIM,nr,CIRCLE_HORIZONTAL,DblSpd,Not Short,NoSpin,1.2,13.5856,3.58413,4.78413,0.0113746,-0.488243,-0.251693,-3.30554,0.0019452,0.148641,-0.436793,-0.0098056,-0.0526366,-0.597687,-3,0,0.57775,-0.0508808,0,-0.0319218,0.0061692,0.00101257,0.729668,-0.0301997,0.00233756,-0.00155126,0,0,0,0
SIM,nr,CIRCLE_HORIZONTAL,DblSpd,Not Short,NoSpin,1.2,13.7009,3.68829,4.88829,0.0111567,-0.467545,-0.283919,-3.30603,0.0023865,0.196552,-0.387825,-0.0114154,0.00771063,-0.59995,-3,0,0.579938,0.00745344,0,-0.0366559,0.0114716,0.000335321,0.729594,-0.0337357,0.00698541,-0.00201326,0,0,0,0
SIM,nr,CIRCLE_HORIZONTAL,DblSpd,Not Short,NoSpin,1.2,13.7874,3.78595,4.98595,0.0143274,-0.442392,-0.310498,-3.30582,0.00276218,0.242163,-0.342946,-0.0125264,0.0642256,-0.596553,-3,0,0.576654,0.0620833,0,-0.0417494,0.0133177,-0.000721857,0.729624,-0.0334638,0.00791126,-0.0023001,0,0,0,0
SIM,nr,CIRCLE_HORIZONTAL,DblSpd,Not Short,NoSpin,1.2,13.8798,3.87833,5.07833,0.011799,-0.420024,-0.327746,-3.30561,0.00297908,0.275547,-0.31148,-0.0135608,0.117173,-0.588447,-3,0,0.568819,0.113265,0,-0.043126,0.0181404,-0.00034155,0.729655,-0.0307935,0.0128796,-0.00261277,0,0,0,0
SIM,nr,CIRCLE_HORIZONTAL,DblSpd,Not Short,NoSpin,1.2,13.9857,3.98426,5.18426,0.0111319,-0.384652,-0.348124,-3.30577,0.00325676,0.319708,-0.27247,-0.01546,0.176705,-0.573389,-3,0,0.554263,0.170811,0,-0.0376077,0.021675,-0.000728255,0.729682,-0.0241157,0.0160817,-0.00288389,0,0,0,0
SIM,nr,CIRCLE_HORIZONTAL,DblSpd,Not Short,NoSpin,1.2,14.1111,4.08911,5.28911,0.0204905,-0.353917,-0.361724,-3.30673,0.00342715,0.351655,-0.245574,-0.0175239,0.233813,-0.552568,-3,0,0.534136,0.226014,0,-0.0332232,0.0272365,-0.000798181,0.72962,-0.0151049,0.0203816,-0.00316709,0,0,0,0
SIM,nr,CIRCLE_HORIZONTAL,DblSpd,Not Short,NoSpin,1.2,14.1901,4.18868,5.38868,0.0124347,-0.317237,-0.375074,-3.30817,0.00355178,0.384052,-0.220162,-0.0197473,0.285834,-0.52754,-3,0,0.509944,0.2763,0,-0.0222172,0.0258228,-0.00251043,0.729559,-0.00600362,0.0227135,-0.00337196,0,0,0,0
SIM,nr,CIRCLE_HORIZONTAL,DblSpd,Not Short,NoSpin,1.2,14.303,4.28741,5.48741,0.0141302,-0.270739,-0.389276,-3.31028,0.0036468,0.418332,-0.194228,-0.0223313,0.334806,-0.497901,-3,0,0.481293,0.323638,0,-0.0130915,0.0261355,-0.00210644,0.729431,0.00518455,0.0255636,-0.00363286,0,0,0,0
SIM,nr,CIRCLE_HORIZONTAL,DblSpd,Not Short,NoSpin,1.2,14.3972,4.37998,5.57998,0.0157071,-0.231306,-0.399934,-3.31243,0.00364405,0.442947,-0.176198,-0.0238998,0.37796,-0.46599,-3,0,0.450446,0.365353,0,-0.000712373,0.0315758,-0.00187049,0.729328,0.0155874,0.0298054,-0.00387925,0,0,0,0
SIM,nr,CIRCLE_HORIZONTAL,DblSpd,Not Short,NoSpin,1.2,14.4743,4.4729,5.6729,0.0207262,-0.193806,-0.409144,-3.31466,0.00360169,0.46291,-0.160295,-0.0256267,0.418236,-0.430208,-3,0,0.415858,0.404285,0,0.00863872,0.0352378,-0.0023107,0.729288,0.0250843,0.0341863,-0.0041629,0,0,0,0
SIM,nr,CIRCLE_HORIZONTAL,DblSpd,Not Short,NoSpin,1.2,14.6007,4.57847,5.77847,0.0207451,-0.134653,-0.421209,-3.3178,0.00349787,0.488445,-0.136115,-0.0279089,0.459886,-0.385363,-3,0,0.372509,0.444546,0,0.0229787,0.0390079,-0.00189434,0.729192,0.0356874,0.0376114,-0.00447204,0,0,0,0
SIM,nr,CIRCLE_HORIZONTAL,DblSpd,Not Short,NoSpin,1.2,14.6862,4.68476,5.88476,0.0165578,-0.0809743,-0.429934,-3.32026,0.00337477,0.506139,-0.113142,-0.0297638,0.496983,-0.336166,-3,0,0.324953,0.480406,0,0.0335336,0.0447153,-0.00298318,0.729163,0.0440477,0.0425983,-0.00486169,0,0,0,0
SIM,nr,CIRCLE_HORIZONTAL,DblSpd,Not Short,NoSpin,1.2,14.7744,4.77295,5.97295,0.021039,-0.0430505,-0.434596,-3.32218,0.00328898,0.51533,-0.095475,-0.0308276,0.523801,-0.292629,-3,0,0.282869,0.506329,0,0.0395837,0.0483566,-0.00404688,0.729116,0.0469919,0.0476318,-0.00520973,0,0,0,0
SIM,nr,CIRCLE_HORIZONTAL,DblSpd,Not Short,NoSpin,1.2,14.8903,4.88884,6.08884,0.0185779,0.0116434,-0.438572,-3.32499,0.0031901,0.523675,-0.0662887,-0.0324718,0.553231,-0.232241,-3,0,0.224494,0.534777,0,0.0452038,0.0518999,-0.00419192,0.729091,0.050193,0.0508122,-0.00557647,0,0,0,0
SIM,nr,CIRCLE_HORIZONTAL,DblSpd,Not Short,NoSpin,1.2,15.0016,4.98595,6.18595,0.01419,0.0698219,-0.439231,-3.32762,0.0031148,0.525063,-0.0297748,-0.033656,0.572564,-0.179362,-3,0,0.173379,0.553465,0,0.0474749,0.0554783,-0.00400531,0.729064,0.0487362,0.0518213,-0.0057458,0,0,0,0
SIM,nr,CIRCLE_HORIZONTAL,DblSpd,Not Short,NoSpin,1.2,15.0868,5.08538,6.28538,0.0121562,0.114501,-0.436657,-3.32926,0.00304488,0.520726,0.00282828,-0.0344122,0.587134,-0.123584,-3,0,0.119462,0.56755,0,0.0450662,0.0548454,-0.00417525,0.729091,0.0421209,0.0515341,-0.0057154,0,0,0,0
SIM,nr,CIRCLE_HORIZONTAL,DblSpd,Not Short,NoSpin,1.2,15.1923,5.17578,6.37578,0.0150653,0.165647,-0.429589,-3.33068,0.00301857,0.509557,0.0455802,-0.0345598,0.595679,-0.0718754,-3,0,0.0694779,0.57581,0,0.0353084,0.0541961,-0.00457372,0.729114,0.0355697,0.0498444,-0.00558385,0,0,0,0
SIM,nr,CIRCLE_HORIZONTAL,DblSpd,Not Short,NoSpin,1.2,15.2951,5.27852,6.47852,0.0150331,0.211348,-0.419081,-3.33205,0.00304413,0.493926,0.0879647,-0.0344176,0.599871,-0.0124546,-3,0,0.0120392,0.579861,0,0.0284258,0.049382,-0.00498697,0.729233,0.0264741,0.0474612,-0.00536533,0,0,0,0
SIM,nr,CIRCLE_HORIZONTAL,DblSpd,Not Short,NoSpin,1.2,15.3846,5.38314,6.58314,0.0136982,0.255124,-0.40487,-3.33372,0.00303952,0.473669,0.132161,-0.0349692,0.598063,0.0481696,-3,0,-0.0465629,0.578114,0,0.0210956,0.0455992,-0.00437329,0.729328,0.0134317,0.0441654,-0.00498407,0,0,0,0
SIM,nr,CIRCLE_HORIZONTAL,DblSpd,Not Short,NoSpin,1.2,15.4993,5.48422,6.68422,0.0135974,0.29963,-0.385246,-3.33584,0.00308171,0.446468,0.181017,-0.0354683,0.590512,0.106282,-3,0,-0.102737,0.570815,0,0.00840187,0.044193,-0.00438398,0.729368,0.00554383,0.0415723,-0.00476433,0,0,0,0
SIM,nr,CIRCLE_HORIZONTAL,DblSpd,Not Short,NoSpin,1.2,15.5897,5.58827,6.78827,0.0121288,0.343742,-0.358666,-3.3383,0.00310619,0.411678,0.233821,-0.0361382,0.576856,0.165038,-3,0,-0.159533,0.557614,0,-0.0032339,0.0384141,-0.00461709,0.729376,-0.00626658,0.0378019,-0.00438401,0,0,0,0
SIM,nr,CIRCLE_HORIZONTAL,DblSpd,Not Short,NoSpin,1.2,15.7031,5.68936,6.88936,0.0122377,0.37554,-0.334095,-3.33997,0.00311065,0.381297,0.274574,-0.0362541,0.558003,0.220528,-3,0,-0.213172,0.53939,0,-0.0154378,0.0360556,-0.00462957,0.72935,-0.0153167,0.0346726,-0.00406415,0,0,0,0
SIM,nr,CIRCLE_HORIZONTAL,DblSpd,Not Short,NoSpin,1.2,15.7791,5.77762,6.97762,0.0118656,0.406873,-0.304049,-3.34192,0.00312419,0.34529,0.316628,-0.0366051,0.537181,0.267277,-3,0,-0.258362,0.519262,0,-0.0222639,0.0317439,-0.00499859,0.729353,-0.0228547,0.0317876,-0.00378742,0,0,0,0
SIM,nr,CIRCLE_HORIZONTAL,DblSpd,Not Short,NoSpin,1.2,15.8957,5.87163,7.07163,0.022533,0.432951,-0.273467,-3.34408,0.00316348,0.310471,0.352622,-0.0369014,0.51071,0.314921,-3,0,-0.304417,0.493675,0,-0.0306145,0.0275996,-0.00459742,0.729367,-0.0295179,0.0288968,-0.00354269,0,0,0,0
SIM,nr,CIRCLE_HORIZONTAL,DblSpd,Not Short,NoSpin,1.2,15.9986,5.98455,7.18455,0.0125208,0.461757,-0.230571,-3.34739,0.0031834,0.263477,0.393969,-0.0378523,0.473364,0.368682,-3,0,-0.356384,0.457575,0,-0.0406971,0.0260345,-0.0037079,0.72927,-0.036603,0.0257876,-0.00326697,0,0,0,0
SIM,nr,CIRCLE_HORIZONTAL,DblSpd,Not Short,NoSpin,1.2,16.0819,6.08043,7.28043,0.0130852,0.483512,-0.187389,-3.35124,0.00319258,0.217405,0.427106,-0.0384804,0.437211,0.410909,-3,0,-0.397203,0.422628,0,-0.0465684,0.0211192,-0.00303993,0.729163,-0.0388886,0.0248196,-0.00314344,0,0,0,0
SIM,nr,CIRCLE_HORIZONTAL,DblSpd,Not Short,NoSpin,1.2,16.1812,6.17979,7.37979,0.0146203,0.499373,-0.145704,-3.35515,0.00325581,0.173421,0.452218,-0.0389101,0.395789,0.450945,-3,0,-0.435903,0.382587,0,-0.0484134,0.0177823,-0.00149367,0.729036,-0.0414671,0.0225247,-0.00299074,0,0,0,0
SIM,nr,CIRCLE_HORIZONTAL,DblSpd,Not Short,NoSpin,1.2,16.2986,6.28579,7.48579,0.0113138,0.510187,-0.106287,-3.3586,0.00333614,0.132106,0.470524,-0.0391067,0.347589,0.489062,-3,0,-0.472749,0.335995,0,-0.0511615,0.0179599,-0.00275064,0.728964,-0.0426344,0.0200658,-0.00292825,0,0,0,0
SIM,nr,CIRCLE_HORIZONTAL,DblSpd,Not Short,NoSpin,1.2,16.3915,6.37856,7.57856,0.0115017,0.517869,-0.0623341,-3.36231,0.00342004,0.0856822,0.485351,-0.0391394,0.302395,0.518225,-3,0,-0.500939,0.292308,0,-0.051964,0.0151529,-0.00247084,0.728841,-0.0434404,0.0160242,-0.00290649,0,0,0,0
SIM,nr,CIRCLE_HORIZONTAL,DblSpd,Not Short,NoSpin,1.2,16.4863,6.48487,7.68487,0.0119103,0.52088,-0.00993182,-3.36666,0.00355498,0.0306688,0.49619,-0.0386509,0.247637,0.546513,-3,0,-0.528283,0.239376,0,-0.0508845,0.0114168,-0.00341186,0.728798,-0.0429499,0.0124834,-0.00294872,0,0,0,0
SIM,nr,CIRCLE_HORIZONTAL,DblSpd,Not Short,NoSpin,1.2,16.5827,6.58132,7.78132,0.0115776,0.518598,0.0314993,-3.37062,0.00360589,-0.0134441,0.499933,-0.0384673,0.195686,0.567192,-3,0,-0.548273,0.189158,0,-0.0504454,0.00734638,-0.00289924,0.72872,-0.0423285,0.00915586,-0.00300782,0,0,0,0
SIM,nr,CIRCLE_HORIZONTAL,DblSpd,Not Short,NoSpin,1.2,16.6789,6.67743,7.87743,0.0138534,0.513258,0.0691342,-3.37417,0.00361879,-0.053386,0.499547,-0.0381405,0.14222,0.582901,-3,0,-0.563458,0.137476,0,-0.049751,0.00403641,-0.00335698,0.728643,-0.0419557,0.00477269,-0.00306215,0,0,0,0
SIM,nr,CIRCLE_HORIZONTAL,DblSpd,Not Short,NoSpin,1.2,16.7969,6.77472,7.97472,0.0206419,0.499831,0.125051,-3.37957,0.0035865,-0.11249,0.493065,-0.0376319,0.0868556,0.59368,-3,0,-0.573877,0.0839584,0,-0.0466522,-0.000722342,-0.00366305,0.72861,-0.0413628,0.0039967,-0.00304819,0,0,0,0
SIM,nr,CIRCLE_HORIZONTAL,DblSpd,Not Short,NoSpin,1.2,16.8861,6.88469,8.08469,0.0124794,0.48472,0.168896,-3.38403,0.00352212,-0.158345,0.483045,-0.0375944,0.0233719,0.599545,-3,0,-0.579546,0.0225923,0,-0.0447242,-0.00311254,-0.00394776,0.728496,-0.0419308,-0.00352302,-0.00318409,0,0,0,0
SIM,nr,CIRCLE_HORIZONTAL,DblSpd,Not Short,NoSpin,1.2,17.0003,6.98686,8.18686,0.0119528,0.46581,0.211031,-3.38792,0.00348331,-0.202813,0.468122,-0.0371945,-0.0358541,0.598928,-3,0,-0.57895,-0.0346582,0,-0.0445893,-0.0108757,-0.00158551,0.728382,-0.0420874,-0.00817467,-0.0032933,0,0,0,0
SIM,nr,CIRCLE_HORIZONTAL,DblSpd,Not Short,NoSpin,1.2,17.0949,7.08202,8.28202,0.0113147,0.440835,0.253808,-3.39155,0.00348359,-0.249246,0.446961,-0.0359568,-0.0907176,0.593102,-3,0,-0.573319,-0.0876916,0,-0.044503,-0.0161959,-0.00306361,0.728359,-0.0409728,-0.0131337,-0.00349902,0,0,0,0
SIM,nr,CIRCLE_HORIZONTAL,DblSpd,Not Short,NoSpin,1.2,17.1833,7.18182,8.38182,0.0108546,0.412136,0.293603,-3.39505,0.00344315,-0.292647,0.420874,-0.0348093,-0.14743,0.581605,-3,0,-0.562205,-0.142512,0,-0.0413822,-0.0189509,-0.00357022,0.728376,-0.0393477,-0.0153477,-0.00360363,0,0,0,0
SIM,nr,CIRCLE_HORIZONTAL,DblSpd,Not Short,NoSpin,1.2,17.2902,7.28873,8.48873,0.0121342,0.379602,0.330363,-3.39874,0.00342853,-0.333034,0.390221,-0.0337336,-0.206638,0.563295,-3,0,-0.544505,-0.199745,0,-0.0383887,-0.0214819,-0.00259154,0.728416,-0.0370216,-0.0180394,-0.00374626,0,0,0,0
SIM,nr,CIRCLE_HORIZONTAL,DblSpd,Not Short,NoSpin,1.2,17.4031,7.38789,8.58789,0.0136333,0.348896,0.358945,-3.40196,0.00337273,-0.364942,0.361539,-0.032991,-0.259598,0.540933,-3,0,-0.52289,-0.250939,0,-0.0357632,-0.0267086,-0.00393731,0.728444,-0.0343805,-0.0224613,-0.00395339,0,0,0,0
SIM,nr,CIRCLE_HORIZONTAL,DblSpd,Not Short,NoSpin,1.2,17.4902,7.48876,8.68876,0.0127687,0.30698,0.391882,-3.40629,0.0032705,-0.401504,0.322249,-0.032385,-0.311026,0.513091,-3,0,-0.495977,-0.300651,0,-0.0284117,-0.0301803,-0.00300027,0.728422,-0.0335129,-0.0243961,-0.00404118,0,0,0,0
SIM,nr,CIRCLE_HORIZONTAL,DblSpd,Not Short,NoSpin,1.2,17.5935,7.58011,8.78011,0.0118949,0.278468,0.410506,-3.40907,0.00319003,-0.42226,0.295266,-0.0320684,-0.355063,0.483663,-3,0,-0.46753,-0.34322,0,-0.0290598,-0.032865,-0.00322952,0.728391,-0.0321356,-0.0274934,-0.00416941,0,0,0,0
SIM,nr,CIRCLE_HORIZONTAL,DblSpd,Not Short,NoSpin,1.2,17.6961,7.67535,8.87535,0.0190817,0.235378,0.433722,-3.41269,0.00303505,-0.448697,0.253672,-0.0313357,-0.398024,0.448973,-3,0,-0.433997,-0.384748,0,-0.027448,-0.033681,-0.00353584,0.728377,-0.030385,-0.0298583,-0.00422065,0,0,0,0
SIM,nr,CIRCLE_HORIZONTAL,DblSpd,Not Short,NoSpin,1.2,17.7793,7.7779,8.9779,0.0156432,0.186199,0.453345,-3.41657,0.00291551,-0.472686,0.205913,-0.0306909,-0.440504,0.407377,-3,0,-0.393789,-0.42581,0,-0.0236301,-0.0343923,-0.00340347,0.728379,-0.0297241,-0.0305877,-0.00422765,0,0,0,0
SIM,nr,CIRCLE_HORIZONTAL,DblSpd,Not Short,NoSpin,1.2,17.8923,7.87819,9.07819,0.0126272,0.145676,0.464618,-3.4195,0.00279884,-0.488268,0.166342,-0.0300552,-0.477868,0.362825,-3,0,-0.350723,-0.461928,0,-0.0237992,-0.0378282,-0.00321614,0.728407,-0.0260362,-0.0338603,-0.00431088,0,0,0,0
SIM,nr,CIRCLE_HORIZONTAL,DblSpd,Not Short,NoSpin,1.2,17.9968,7.98256,9.18256,0.0126535,0.0925897,0.473729,-3.42307,0.00264961,-0.503663,0.113526,-0.0293989,-0.511981,0.31285,-3,0,-0.302414,-0.494904,0,-0.0196055,-0.0388366,-0.00396322,0.728414,-0.0227542,-0.0363563,-0.00434326,0,0,0,0
SIM,nr,CIRCLE_HORIZONTAL,DblSpd,Not Short,NoSpin,1.2,18.0952,8.08206,9.28206,0.011652,0.0500008,0.476664,-3.42587,0.00257929,-0.512286,0.0710959,-0.0290005,-0.539658,0.262239,-3,0,-0.253491,-0.521657,0,-0.0164338,-0.0409225,-0.00283067,0.728392,-0.0175904,-0.0398698,-0.00441071,0,0,0,0
SIM,nr,CIRCLE_HORIZONTAL,DblSpd,Not Short,NoSpin,1.2,18.1943,8.17838,9.37838,0.0143834,0.00283939,0.476246,-3.42866,0.00242342,-0.517589,0.0241629,-0.0283719,-0.561702,0.210929,-3,0,-0.203893,-0.542966,0,-0.0113856,-0.0446421,-0.00332476,0.72843,-0.0147623,-0.0419302,-0.00441753,0,0,0,0
SIM,nr,CIRCLE_HORIZONTAL,DblSpd,Not Short,NoSpin,1.2,18.2987,8.28473,9.48473,0.012409,-0.0445057,0.472514,-3.43127,0.00225539,-0.518982,-0.0226476,-0.0280371,-0.580382,0.152174,-3,0,-0.147098,-0.561023,0,-0.00636664,-0.046909,-0.00411522,0.728452,-0.0100458,-0.0450931,-0.00437316,0,0,0,0
SIM,nr,CIRCLE_HORIZONTAL,DblSpd,Not Short,NoSpin,1.2,18.3962,8.38283,9.58283,0.0118659,-0.0951877,0.46393,-3.43406,0.00202641,-0.515375,-0.0731642,-0.0272661,-0.592183,0.096534,-3,0,-0.093314,-0.57243,0,-0.00214578,-0.047835,-0.00439086,0.728511,-0.00714961,-0.047044,-0.00425793,0,0,0,0
SIM,nr,CIRCLE_HORIZONTAL,DblSpd,Not Short,NoSpin,1.2,18.494,8.4827,9.6827,0.00984527,-0.140683,0.450978,-3.43718,0.00184784,-0.506711,-0.119841,-0.0270294,-0.598731,0.039003,-3,0,-0.0377021,-0.57876,0,0.00292945,-0.0498306,-0.0044972,0.728546,-0.00305477,-0.0483193,-0.00405383,0,0,0,0
SIM,nr,CIRCLE_HORIZONTAL,DblSpd,Not Short,NoSpin,1.2,18.5887,8.57995,9.77995,0.00722812,-0.181142,0.434791,-3.44013,0.00168934,-0.494767,-0.16261,-0.0262534,-0.599749,-0.0173659,-3,0,0.0167867,-0.579743,0,0.00603207,-0.0494781,-0.00405535,0.72852,0.00352018,-0.0483664,-0.00368586,0,0,0,0
SIM,nr,CIRCLE_HORIZONTAL,DblSpd,Not Short,NoSpin,1.2,18.6886,8.67993,9.87993,0.00720953,-0.227182,0.410661,-3.44354,0.00146792,-0.475596,-0.212059,-0.0255174,-0.595274,-0.0751618,-3,0,0.0726547,-0.575418,0,0.0166224,-0.0488183,-0.00551277,0.728539,0.00917177,-0.047657,-0.00329209,0,0,0,0
SIM,nr,CIRCLE_HORIZONTAL,DblSpd,Not Short,NoSpin,1.2,18.7849,8.78349,9.98349,0.0115397,-0.271592,0.381777,-3.44722,0.0012151,-0.45198,-0.259074,-0.0246269,-0.584783,-0.134272,-3,0,0.129793,-0.565277,0,0.0216941,-0.0477115,-0.00439122,0.728535,0.0130209,-0.0470018,-0.00288927,0,0,0,0
SIM,nr,CIRCLE_HORIZONTAL,DblSpd,Not Short,NoSpin,1.2,18.8819,8.88043,10.0804,0.011791,-0.310505,0.351656,-3.45013,0.000985663,-0.426142,-0.299534,-0.0239078,-0.569654,-0.1884,-3,0,0.182116,-0.550652,0,0.0244396,-0.0479764,-0.00381271,0.728586,0.0158639,-0.0465886,-0.00253076,0,0,0,0
SIM,nr,CIRCLE_HORIZONTAL,DblSpd,Not Short,NoSpin,1.2,18.9827,8.98129,10.1813,0.0212264,-0.344155,0.321702,-3.45268,0.000768034,-0.399014,-0.333522,-0.0234612,-0.548608,-0.24296,-3,0,0.234855,-0.530309,0,0.0288829,-0.045911,-0.00433506,0.728652,0.0211875,-0.044915,-0.00203172,0,0,0,0
SIM,nr,CIRCLE_HORIZONTAL,DblSpd,Not Short,NoSpin,1.2,19.1097,9.08757,10.2876,0.0206355,-0.386316,0.277659,-3.45601,0.000512108,-0.357352,-0.37462,-0.0231748,-0.5208,-0.297939,-3,0,0.288001,-0.503428,0,0.0308105,-0.0434934,-0.00306008,0.728688,0.0219566,-0.0446085,-0.00172624,0,0,0,0
SIM,nr,CIRCLE_HORIZONTAL,DblSpd,Not Short,NoSpin,1.2,19.1949,9.17278,10.3728,0.0205753,-0.411684,0.246464,-3.45816,0.000339798,-0.326509,-0.398997,-0.0230255,-0.494519,-0.339781,-3,0,0.328447,-0.478024,0,0.0328817,-0.0427967,-0.00242698,0.728725,0.0231978,-0.0435393,-0.00141281,0,0,0,0
SIM,nr,CIRCLE_HORIZONTAL,DblSpd,Not Short,NoSpin,1.2,19.2768,9.27535,10.4753,0.014823,-0.434339,0.213923,-3.46035,0.000215336,-0.292661,-0.420591,-0.0229342,-0.458459,-0.38706,-3,0,0.374149,-0.443167,0,0.0314144,-0.0423477,-0.000976532,0.728729,0.0278213,-0.0385225,-0.000844543,0,0,0,0
SIM,nr,CIRCLE_HORIZONTAL,DblSpd,Not Short,NoSpin,1.2,19.3953,9.38202,10.582,0.0118435,-0.461193,0.166895,-3.46344,8.07259e-05,-0.241569,-0.446134,-0.0227659,-0.416186,-0.432192,-3,0,0.417775,-0.402303,0,0.0371643,-0.0348184,-0.000577316,0.728756,0.0306908,-0.0332992,-0.000468256,0,0,0,0
SIM,nr,CIRCLE_HORIZONTAL,DblSpd,Not Short,NoSpin,1.2,19.491,9.48953,10.6895,0.0115486,-0.482507,0.114816,-3.46639,-4.63703e-05,-0.181685,-0.467611,-0.0228324,-0.369106,-0.473034,-3,0,0.457255,-0.356794,0,0.0384982,-0.0287632,-0.00169598,0.728781,0.0316893,-0.0281583,-0.00018517,0,0,0,0
SIM,nr,CIRCLE_HORIZONTAL,DblSpd,Not Short,NoSpin,1.2,19.59,9.58852,10.7885,0.0113262,-0.493424,0.075426,-3.4683,-0.000115756,-0.135682,-0.479509,-0.0224131,-0.322219,-0.506137,-3,0,0.489254,-0.311471,0,0.0404947,-0.0208938,0.000229829,0.7288,0.033796,-0.0209138,4.87725e-05,0,0,0,0
SIM,nr,CIRCLE_HORIZONTAL,DblSpd,Not Short,NoSpin,1.2,19.6849,9.68347,10.8835,0.0118951,-0.500939,0.0282733,-3.4702,-0.000199227,-0.0798321,-0.489161,-0.022148,-0.274475,-0.533538,-3,0,0.515742,-0.26532,0,0.0414524,-0.0126191,-0.000754719,0.728837,0.0349648,-0.0151854,0.000189485,0,0,0,0
SIM,nr,CIRCLE_HORIZONTAL,DblSpd,Not Short,NoSpin,1.2,19.7837,9.78222,10.9822,0.0117563,-0.502187,-0.0154123,-3.47216,-0.000251786,-0.0269202,-0.493408,-0.0216145,-0.222371,-0.557271,-3,0,0.538683,-0.214954,0,0.0418196,-0.0068056,-0.000593489,0.728899,0.0359436,-0.00898971,0.000267269,0,0,0,0
SIM,nr,CIRCLE_HORIZONTAL,DblSpd,Not Short,NoSpin,1.2,19.8852,9.88376,11.0838,0.0118928,-0.49835,-0.059109,-3.47465,-0.000296116,0.0258801,-0.493797,-0.0217643,-0.166695,-0.576379,-3,0,0.557153,-0.161135,0,0.0417688,-0.000328865,0.000995142,0.728916,0.0362907,-0.00389463,0.000291925,0,0,0,0
SIM,nr,CIRCLE_HORIZONTAL,DblSpd,Not Short,NoSpin,1.2,19.9858,9.98436,11.1844,0.0117127,-0.490222,-0.0991392,-3.4774,-0.000311628,0.0742537,-0.490699,-0.0218492,-0.109943,-0.589841,-3,0,0.570166,-0.106276,0,0.0415064,0.00399262,0.000476095,0.728887,0.0372363,0.0014417,0.000228029,0,0,0,0
SIM,nr,CIRCLE_HORIZONTAL,DblSpd,Not Short,NoSpin,1.2,20.0946,10.0821,11.2821,0.0110474,-0.476521,-0.142084,-3.48033,-0.000291338,0.126132,-0.483716,-0.02204,-0.0538019,-0.597583,-3,0,0.57765,-0.0520073,0,0.0405298,0.00750364,0.000920275,0.728823,0.0385809,0.00587659,0.000131604,0,0,0,0
SIM,nr,CIRCLE_HORIZONTAL,DblSpd,Not Short,NoSpin,1.2,20.1973,10.1792,11.3792,0.0166395,-0.456815,-0.187453,-3.4835,-0.000272881,0.180182,-0.471621,-0.022366,0.00240729,-0.599995,-3,0,0.579982,0.00232699,0,0.0412634,0.0153684,-0.000735669,0.728754,0.040323,0.0132068,-0.000115661,0,0,0,0
SIM,nr,CIRCLE_HORIZONTAL,DblSpd,Not Short,NoSpin,1.2,20.2826,10.2811,11.4811,0.0188767,-0.43633,-0.22503,-3.48637,-0.000277553,0.223687,-0.458266,-0.0224657,0.0614498,-0.596845,-3,0,0.576937,0.0594001,0,0.0411564,0.019906,-0.000487233,0.728758,0.0418277,0.0168187,-0.000299727,0,0,0,0
SIM,nr,CIRCLE_HORIZONTAL,DblSpd,Not Short,NoSpin,1.2,20.3808,10.3794,11.5794,0.0116799,-0.409704,-0.264731,-3.48934,-0.000248829,0.268813,-0.440197,-0.0227416,0.117756,-0.588331,-3,0,0.568707,0.113828,0,0.0414897,0.0253797,0.000222859,0.728698,0.0437111,0.0220674,-0.000593518,0,0,0,0
SIM,nr,CIRCLE_HORIZONTAL,DblSpd,Not Short,NoSpin,1.2,20.503,10.4881,11.6881,0.0133509,-0.367936,-0.315225,-3.49264,-0.000188957,0.324156,-0.410878,-0.0223688,0.178841,-0.572727,-3,0,0.553623,0.172876,0,0.0448929,0.0296951,-0.000365612,0.728689,0.0454654,0.0262927,-0.000932437,0,0,0,0
SIM,nr,CIRCLE_HORIZONTAL,DblSpd,Not Short,NoSpin,1.2,20.5854,10.5839,11.7839,0.0122607,-0.338913,-0.344989,-3.49463,-0.000131287,0.355634,-0.389174,-0.0220326,0.231053,-0.553728,-3,0,0.535258,0.223346,0,0.0459277,0.032746,0.000761075,0.728686,0.0456383,0.031417,-0.00134773,0,0,0,0
SIM,nr,CIRCLE_HORIZONTAL,DblSpd,Not Short,NoSpin,1.2,20.6927,10.6729,11.8729,0.0182619,-0.298382,-0.381088,-3.49701,-1.72027e-05,0.39247,-0.357222,-0.021849,0.277759,-0.531836,-3,0,0.514096,0.268494,0,0.0429772,0.0377178,-0.000581817,0.728753,0.0460456,0.0322834,-0.00158319,0,0,0,0
SIM,nr,CIRCLE_HORIZONTAL,DblSpd,Not Short,NoSpin,1.2,20.7957,10.7823,11.9823,0.0119107,-0.254599,-0.413384,-3.49878,9.2935e-05,0.424439,-0.3204,-0.0215231,0.332319,-0.499564,-3,0,0.4829,0.321235,0,0.0439443,0.0390888,-0.000132149,0.728833,0.0444534,0.0349469,-0.00195694,0,0,0,0
SIM,nr,CIRCLE_HORIZONTAL,DblSpd,Not Short,NoSpin,1.2,20.8897,10.8882,12.0882,0.0113716,-0.215062,-0.437621,-3.50016,0.000161105,0.447913,-0.285844,-0.0213616,0.381668,-0.462958,-3,0,0.447515,0.368937,0,0.0417113,0.0415099,-0.00309158,0.728911,0.0403804,0.0380459,-0.00232601,0,0,0,0
SIM,nr,CIRCLE_HORIZONTAL,DblSpd,Not Short,NoSpin,1.2,20.9898,10.9884,12.1884,0.0134585,-0.162044,-0.464523,-3.50207,0.000262037,0.473121,-0.238601,-0.0218574,0.424639,-0.423888,-3,0,0.409749,0.410475,0,0.0389362,0.0434168,-0.00113895,0.729009,0.0378719,0.0390459,-0.00254389,0,0,0,0
SIM,nr,CIRCLE_HORIZONTAL,DblSpd,Not Short,NoSpin,1.2,21.0957,11.081,12.281,0.0131467,-0.119314,-0.482112,-3.5038,0.000356647,0.488353,-0.198638,-0.0222047,0.460835,-0.384228,-3,0,0.371411,0.445464,0,0.0345029,0.0451159,-0.00128715,0.729064,0.0328795,0.0416769,-0.00282461,0,0,0,0
SIM,nr,CIRCLE_HORIZONTAL,DblSpd,Not Short,NoSpin,1.2,21.1992,11.1853,12.3853,0.0124142,-0.0643246,-0.499424,-3.50626,0.000546893,0.501738,-0.145074,-0.0225972,0.497172,-0.335887,-3,0,0.324684,0.480588,0,0.027983,0.0460874,-0.0017278,0.729124,0.029942,0.041414,-0.00298789,0,0,0,0
SIM,nr,CIRCLE_HORIZONTAL,DblSpd,Not Short,NoSpin,1.2,21.2793,11.2778,12.4778,0.0164651,-0.0284527,-0.507422,-3.50787,0.000640412,0.507221,-0.109266,-0.0229444,0.525176,-0.290156,-3,0,0.280477,0.507658,0,0.021911,0.0466619,-0.00304672,0.729107,0.0253411,0.0419475,-0.00314167,0,0,0,0
SIM,nr,CIRCLE_HORIZONTAL,DblSpd,Not Short,NoSpin,1.2,21.3982,11.3844,12.5844,0.0123679,0.0321205,-0.51462,-3.51064,0.000794898,0.510944,-0.047478,-0.0237148,0.552226,-0.23462,-3,0,0.226794,0.533806,0,0.0150274,0.0453285,-0.00232553,0.729135,0.0205774,0.0421775,-0.00325388,0,0,0,0
SIM,nr,CIRCLE_HORIZONTAL,DblSpd,Not Short,NoSpin,1.2,21.4992,11.4855,12.6855,0.0121886,0.0805063,-0.514493,-3.51276,0.000951115,0.509126,0.00317317,-0.0242025,0.572495,-0.179583,-3,0,0.173592,0.553398,0,0.00955632,0.0454022,-0.00299313,0.729114,0.0144514,0.043395,-0.00338221,0,0,0,0
SIM,nr,CIRCLE_HORIZONTAL,DblSpd,Not Short,NoSpin,1.2,21.5923,11.5794,12.7794,0.0114089,0.124277,-0.50956,-3.51463,0.00109859,0.503573,0.0501705,-0.0242721,0.586408,-0.126988,-3,0,0.122752,0.566847,0,0.00312698,0.0462912,-0.00291081,0.729105,0.00891094,0.0439984,-0.00345353,0,0,0,0
SIM,nr,CIRCLE_HORIZONTAL,DblSpd,Not Short,NoSpin,1.2,21.6899,11.6884,12.8884,0.0110075,0.171023,-0.499163,-3.51664,0.00131607,0.493004,0.101605,-0.0246622,0.596515,-0.0645781,-3,0,0.0624241,0.576617,0,0.000555831,0.044849,-0.00390835,0.729097,0.00180568,0.0439454,-0.00348541,0,0,0,0
SIM,nr,CIRCLE_HORIZONTAL,DblSpd,Not Short,NoSpin,1.2,21.7862,11.7848,12.9848,0.0121817,0.220037,-0.48251,-3.51887,0.00161591,0.476776,0.156185,-0.0245261,0.599935,-0.00883651,-3,0,0.00854176,0.579923,0,-0.0079399,0.0452425,-0.00220713,0.729121,-0.00497394,0.0434214,-0.00350242,0,0,0,0
SIM,nr,CIRCLE_HORIZONTAL,DblSpd,Not Short,NoSpin,1.2,21.8989,11.8857,13.0857,0.0117461,0.270274,-0.458507,-3.52164,0.00193142,0.453404,0.213133,-0.0248488,0.597943,0.0496385,-3,0,-0.0479828,0.577998,0,-0.0167225,0.0425466,-0.0029392,0.729179,-0.00882639,0.0424498,-0.00353703,0,0,0,0
SIM,nr,CIRCLE_HORIZONTAL,DblSpd,Not Short,NoSpin,1.2,21.9998,11.9852,13.1852,0.013097,0.314522,-0.431139,-3.5243,0.00216234,0.427353,0.263224,-0.0253789,0.590413,0.106828,-3,0,-0.103265,0.570719,0,-0.0222659,0.0420335,-0.00338329,0.729119,-0.0162707,0.0407705,-0.00345881,0,0,0,0
SIM,nr,CIRCLE_HORIZONTAL,DblSpd,Not Short,NoSpin,1.2,22.1,12.0873,13.2873,0.0112284,0.349786,-0.404464,-3.52637,0.00237943,0.40232,0.303218,-0.0257383,0.577008,0.164503,-3,0,-0.159016,0.557762,0,-0.0258249,0.0410207,-0.0031471,0.729081,-0.0203928,0.0397133,-0.00344157,0,0,0,0
SIM,nr,CIRCLE_HORIZONTAL,DblSpd,Not Short,NoSpin,1.2,22.1829,12.1815,13.3815,0.0112749,0.385533,-0.371999,-3.52832,0.00256516,0.371761,0.343873,-0.0257096,0.559667,0.216271,-3,0,-0.209057,0.540998,0,-0.0314416,0.0393738,-0.00345158,0.72906,-0.0264773,0.0378341,-0.00332235,0,0,0,0
SIM,nr,CIRCLE_HORIZONTAL,DblSpd,Not Short,NoSpin,1.2,22.2977,12.2853,13.4853,0.0109851,0.418059,-0.336462,-3.53016,0.00270659,0.337947,0.38047,-0.025887,0.535188,0.271244,-3,0,-0.262197,0.517337,0,-0.0381618,0.0338398,-0.00360672,0.729071,-0.0303388,0.0358872,-0.0032152,0,0,0,0
SIM,nr,CIRCLE_HORIZONTAL,DblSpd,Not Short,NoSpin,1.2,22.3918,12.3784,13.5784,0.0119086,0.444873,-0.301365,-3.53185,0.00279782,0.304666,0.410231,-0.0262185,0.508637,0.318258,-3,0,-0.307642,0.491671,0,-0.041324,0.0315218,-0.00440052,0.729088,-0.0319531,0.0344081,-0.00311504,0,0,0,0
SIM,nr,CIRCLE_HORIZONTAL,DblSpd,Not Short,NoSpin,1.2,22.4849,12.4834,13.6834,0.0116979,0.470386,-0.260468,-3.53416,0.00293605,0.265695,0.4384,-0.0266117,0.473758,0.368176,-3,0,-0.355895,0.457955,0,-0.0416732,0.0305568,-0.00229006,0.72912,-0.0328572,0.0325565,-0.00303396,0,0,0,0
SIM,nr,CIRCLE_HORIZONTAL,DblSpd,Not Short,NoSpin,1.2,22.5929,12.5783,13.7783,0.0130523,0.494554,-0.210219,-3.5371,0.00309127,0.216407,0.465634,-0.0274572,0.43804,0.410026,-3,0,-0.396349,0.423429,0,-0.0410605,0.0298534,-0.00284895,0.729096,-0.0325385,0.031143,-0.00300107,0,0,0,0
SIM,nr,CIRCLE_HORIZONTAL,DblSpd,Not Short,NoSpin,1.2,22.686,12.6846,13.8846,0.020392,0.509355,-0.169004,-3.53973,0.00324092,0.175698,0.483103,-0.0281133,0.393679,0.452788,-3,0,-0.437685,0.380547,0,-0.0408805,0.0262563,-0.00189115,0.729021,-0.0355223,0.0251359,-0.00292137,0,0,0,0
SIM,nr,CIRCLE_HORIZONTAL,DblSpd,Not Short,NoSpin,1.2,22.7808,12.7794,13.9794,0.0129155,0.521906,-0.118971,-3.54286,0.00334837,0.125508,0.499161,-0.0283584,0.350603,0.486906,-3,0,-0.470665,0.338908,0,-0.0421078,0.023225,-0.00318064,0.728999,-0.0366005,0.0218052,-0.00290249,0,0,0,0
SIM,nr,CIRCLE_HORIZONTAL,DblSpd,Not Short,NoSpin,1.2,22.8893,12.8878,14.0878,0.0124245,0.528254,-0.0726583,-3.54571,0.0034972,0.0772438,0.508481,-0.0285516,0.297736,0.520916,-3,0,-0.50354,0.287804,0,-0.0440301,0.0175799,-0.00322264,0.72893,-0.0383347,0.0152156,-0.00293522,0,0,0,0
SIM,nr,CIRCLE_HORIZONTAL,DblSpd,Not Short,NoSpin,1.2,22.9873,12.9858,14.1858,0.0120515,0.529669,-0.0261008,-3.54854,0.00361351,0.0278847,0.513564,-0.0284343,0.24712,0.546746,-3,0,-0.528509,0.238877,0,-0.046194,0.0106064,-0.00218405,0.728879,-0.0387863,0.00959182,-0.00302294,0,0,0,0
SIM,nr,CIRCLE_HORIZONTAL,DblSpd,Not Short,NoSpin,1.2,23.084,13.0826,14.2826,0.0133394,0.525494,0.0242831,-3.55129,0.00375605,-0.0264502,0.51442,-0.0283317,0.195,0.567429,-3,0,-0.548501,0.188495,0,-0.0450384,0.00534453,-0.00247913,0.728852,-0.0396367,0.00269037,-0.00318421,0,0,0,0
SIM,nr,CIRCLE_HORIZONTAL,DblSpd,Not Short,NoSpin,1.2,23.1819,13.1805,14.3805,0.0122679,0.516258,0.0703299,-3.5537,0.00384683,-0.0768936,0.510889,-0.0278588,0.140512,0.583315,-3,0,-0.563858,0.135825,0,-0.0432106,-0.00285439,-0.00218082,0.728851,-0.039763,-0.00279402,-0.00337396,0,0,0,0
SIM,nr,CIRCLE_HORIZONTAL,DblSpd,Not Short,NoSpin,1.2,23.3016,13.2884,14.4884,0.0117287,0.500219,0.119457,-3.55687,0.00391033,-0.1313,0.502402,-0.0279301,0.0790134,0.594775,-3,0,-0.574935,0.0763779,0,-0.0438033,-0.0103749,-0.00277576,0.728812,-0.040083,-0.00911954,-0.00360203,0,0,0,0
SIM,nr,CIRCLE_HORIZONTAL,DblSpd,Not Short,NoSpin,1.2,23.3735,13.372,14.572,0.0209808,0.478225,0.167255,-3.56018,0.00398031,-0.184399,0.489025,-0.0284825,0.0307105,0.599214,-3,0,-0.579226,0.0296861,0,-0.0420919,-0.0179704,-0.00415862,0.72877,-0.0403283,-0.0136617,-0.00381335,0,0,0,0
SIM,nr,CIRCLE_HORIZONTAL,DblSpd,Not Short,NoSpin,1.2,23.4786,13.4772,14.6772,0.0202718,0.453174,0.209497,-3.56333,0.00397157,-0.231233,0.472395,-0.0285996,-0.0302662,0.599236,-3,0,-0.579248,-0.0292566,0,-0.0416484,-0.022849,-0.00348036,0.72874,-0.0407163,-0.0174369,-0.00399807,0,0,0,0
SIM,nr,CIRCLE_HORIZONTAL,DblSpd,Not Short,NoSpin,1.2,23.5775,13.5761,14.7761,0.0163597,0.421943,0.252981,-3.56644,0.00396374,-0.278237,0.450405,-0.0285746,-0.0873161,0.593613,-3,0,-0.573812,-0.0844036,0,-0.0386179,-0.0277248,-0.00325086,0.728681,-0.0408067,-0.0235035,-0.00429212,0,0,0,0
SIM,nr,CIRCLE_HORIZONTAL,DblSpd,Not Short,NoSpin,1.2,23.679,13.6776,14.8776,0.0136303,0.389421,0.291097,-3.56908,0.00390326,-0.318174,0.426409,-0.0280345,-0.145058,0.582201,-3,0,-0.562781,-0.14022,0,-0.0403193,-0.0331869,-0.00370282,0.728663,-0.0409556,-0.0269333,-0.00450191,0,0,0,0
SIM,nr,CIRCLE_HORIZONTAL,DblSpd,Not Short,NoSpin,1.2,23.7792,13.7778,14.9778,0.0128402,0.350268,0.330092,-3.57151,0.003776,-0.357076,0.396984,-0.0271777,-0.200659,0.565452,-3,0,-0.546591,-0.193966,0,-0.0386818,-0.0358669,-0.00519878,0.728685,-0.0406516,-0.0300422,-0.00467755,0,0,0,0
SIM,nr,CIRCLE_HORIZONTAL,DblSpd,Not Short,NoSpin,1.2,23.894,13.8803,15.0803,0.0122742,0.32135,0.355437,-3.57307,0.00366885,-0.38144,0.374421,-0.0265303,-0.255602,0.542833,-3,0,-0.524726,-0.247077,0,-0.0372614,-0.0374069,-0.0048902,0.728739,-0.0402467,-0.0322266,-0.00477236,0,0,0,0
SIM,nr,CIRCLE_HORIZONTAL,DblSpd,Not Short,NoSpin,1.2,23.9912,13.9898,15.1898,0.0112872,0.267437,0.396145,-3.57533,0.00342126,-0.418034,0.329794,-0.0261057,-0.311538,0.512781,-3,0,-0.495676,-0.301146,0,-0.0363772,-0.0398253,-0.00467571,0.72886,-0.03945,-0.0328463,-0.00475526,0,0,0,0
SIM,nr,CIRCLE_HORIZONTAL,DblSpd,Not Short,NoSpin,1.2,24.0868,14.0854,15.2854,0.011533,0.225249,0.422942,-3.57671,0.00318192,-0.440449,0.292855,-0.0262526,-0.357511,0.481857,-3,0,-0.465784,-0.345586,0,-0.0351151,-0.0396035,-0.00470442,0.728957,-0.0375667,-0.0331135,-0.00466738,0,0,0,0
SIM,nr,CIRCLE_HORIZONTAL,DblSpd,Not Short,NoSpin,1.2,24.1802,14.1788,15.3788,0.0114263,0.1819,0.446171,-3.57783,0.00290196,-0.458817,0.25308,-0.0263792,-0.399503,0.447658,-3,0,-0.432725,-0.386177,0,-0.0333678,-0.0381524,-0.00406209,0.729065,-0.0370182,-0.0312552,-0.00444713,0,0,0,0
SIM,nr,CIRCLE_HORIZONTAL,DblSpd,Not Short,NoSpin,1.2,24.2994,14.286,15.486,0.0118919,0.141487,0.464023,-3.5787,0.00264475,-0.471568,0.214562,-0.0264442,-0.443684,0.403911,-3,0,-0.390438,-0.428885,0,-0.0309546,-0.0370973,-0.00476337,0.729134,-0.0320604,-0.0324364,-0.00426117,0,0,0,0
SIM,nr,CIRCLE_HORIZONTAL,DblSpd,Not Short,NoSpin,1.2,24.3959,14.3834,15.5834,0.0110533,0.0973331,0.479992,-3.57948,0.00232813,-0.481532,0.170564,-0.0264669,-0.479675,0.360433,-3,0,-0.348411,-0.463675,0,-0.0269252,-0.0359758,-0.0049463,0.729266,-0.0291689,-0.0316217,-0.00399456,0,0,0,0
SIM,nr,CIRCLE_HORIZONTAL,DblSpd,Not Short,NoSpin,1.2,24.4891,14.4877,15.6877,0.0112694,0.0458423,0.494113,-3.58053,0.00194672,-0.488302,0.117324,-0.0271741,-0.513523,0.310312,-3,0,-0.299961,-0.496394,0,-0.0221244,-0.0346726,-0.0044421,0.729392,-0.0261228,-0.0307519,-0.00367135,0,0,0,0
SIM,nr,CIRCLE_HORIZONTAL,DblSpd,Not Short,NoSpin,1.2,24.6,14.5721,15.7721,0.0263876,0.0126871,0.500439,-3.58144,0.00172266,-0.490136,0.0822782,-0.0277852,-0.537103,0.267434,-3,0,-0.258513,-0.519187,0,-0.0195506,-0.0332861,-0.00486471,0.729425,-0.0239307,-0.0308152,-0.00348537,0,0,0,0
SIM,nr,CIRCLE_HORIZONTAL,DblSpd,Not Short,NoSpin,1.2,24.6822,14.6807,15.8807,0.015036,-0.0459022,0.505201,-3.58398,0.00132312,-0.488605,0.0181421,-0.0288947,-0.562178,0.209657,-3,0,-0.202664,-0.543426,0,-0.0139617,-0.0326725,-0.00488723,0.729493,-0.0206264,-0.0313094,-0.00321266,0,0,0,0
SIM,nr,CIRCLE_HORIZONTAL,DblSpd,Not Short,NoSpin,1.2,24.7866,14.7852,15.9852,0.0115018,-0.088995,0.50314,-3.58621,0.00109734,-0.483606,-0.0309036,-0.0300443,-0.580447,0.151926,-3,0,-0.146859,-0.561085,0,-0.00997665,-0.0339773,-0.0034199,0.729456,-0.0165571,-0.0320431,-0.00297719,0,0,0,0
SIM,nr,CIRCLE_HORIZONTAL,DblSpd,Not Short,NoSpin,1.2,24.8818,14.8804,16.0804,0.0169322,-0.127723,0.496918,-3.58806,0.000906836,-0.476269,-0.0764897,-0.0308229,-0.591955,0.0979276,-3,0,-0.0946611,-0.572209,0,-0.00498014,-0.0331063,-0.00326546,0.729373,-0.00950913,-0.0335421,-0.00276945,0,0,0,0
SIM,nr,CIRCLE_HORIZONTAL,DblSpd,Not Short,NoSpin,1.2,24.9971,14.9812,16.1812,0.0143699,-0.168831,0.485411,-3.58988,0.000720733,-0.464825,-0.126289,-0.031322,-0.598674,0.0398614,-3,0,-0.0385318,-0.578705,0,-0.00298562,-0.0319401,-0.00356532,0.729362,-0.00317834,-0.0346751,-0.00257069,0,0,0,0
SIM,nr,CIRCLE_HORIZONTAL,DblSpd,Not Short,NoSpin,1.2,25.0923,15.0751,16.2751,0.0154937,-0.205506,0.470487,-3.59168,0.000566512,-0.451791,-0.171507,-0.0317926,-0.599824,-0.0145409,-3,0,0.0140559,-0.579816,0,0.00362395,-0.0339432,-0.00392016,0.729341,0.00364878,-0.0358125,-0.00234626,0,0,0,0
SIM,nr,CIRCLE_HORIZONTAL,DblSpd,Not Short,NoSpin,1.2,25.1934,15.1724,16.3724,0.0194369,-0.24759,0.447754,-3.59402,0.000365523,-0.433277,-0.22442,-0.0323215,-0.595804,-0.0708338,-3,0,0.0684711,-0.57593,0,0.0121616,-0.0375047,-0.00269449,0.729315,0.0114015,-0.0371078,-0.00206493,0,0,0,0
SIM,nr,CIRCLE_HORIZONTAL,DblSpd,Not Short,NoSpin,1.2,25.2996,15.2854,16.4854,0.0128018,-0.290616,0.41713,-3.59689,0.000172704,-0.409135,-0.279328,-0.0329529,-0.584539,-0.135331,-3,0,0.130817,-0.565041,0,0.0207088,-0.0382585,-0.00236267,0.729256,0.0202609,-0.0382026,-0.00169932,0,0,0,0
SIM,nr,CIRCLE_HORIZONTAL,DblSpd,Not Short,NoSpin,1.2,25.3928,15.3755,16.5755,0.0158281,-0.322521,0.388691,-3.59911,3.29215e-05,-0.387108,-0.320176,-0.0334419,-0.570544,-0.185688,-3,0,0.179494,-0.551513,0,0.0289884,-0.0386356,-0.00217874,0.729168,0.0264863,-0.0389757,-0.00137932,0,0,0,0
SIM,nr,CIRCLE_HORIZONTAL,DblSpd,Not Short,NoSpin,1.2,25.4929,15.4791,16.6791,0.0123708,-0.355275,0.353734,-3.60189,-0.000126307,-0.360268,-0.361998,-0.0337707,-0.549131,-0.241775,-3,0,0.233711,-0.530814,0,0.0375573,-0.0386964,-0.00232026,0.729134,0.0328692,-0.0392554,-0.00098941,0,0,0,0
SIM,nr,CIRCLE_HORIZONTAL,DblSpd,Not Short,NoSpin,1.2,25.5821,15.5807,16.7807,0.0131875,-0.390173,0.308198,-3.60514,-0.000352582,-0.325243,-0.405802,-0.034434,-0.522765,-0.294476,-3,0,0.284654,-0.505328,0,0.0451799,-0.0381171,-0.00178537,0.729081,0.0351694,-0.0405486,-0.000681348,0,0,0,0
SIM,nr,CIRCLE_HORIZONTAL,DblSpd,Not Short,NoSpin,1.2,25.6872,15.6858,16.8858,0.0126878,-0.418595,0.262268,-3.60809,-0.000522719,-0.288906,-0.440817,-0.034823,-0.490211,-0.345967,-3,0,0.334427,-0.473859,0,0.0485787,-0.03798,-0.0017206,0.729004,0.0398375,-0.0393915,-0.000191757,0,0,0,0
SIM,nr,CIRCLE_HORIZONTAL,DblSpd,Not Short,NoSpin,1.2,25.7861,15.7847,16.9847,0.01193,-0.441918,0.217495,-3.61103,-0.00070104,-0.252856,-0.467873,-0.0350245,-0.454951,-0.391177,-3,0,0.378129,-0.439776,0,0.0499058,-0.0364718,6.74068e-06,0.728974,0.0424426,-0.0379037,0.000217244,0,0,0,0
SIM,nr,CIRCLE_HORIZONTAL,DblSpd,Not Short,NoSpin,1.2,25.8822,15.8807,17.0807,0.0131255,-0.463536,0.166977,-3.61477,-0.000929086,-0.210908,-0.491339,-0.035012,-0.41672,-0.431676,-3,0,0.417277,-0.40282,0,0.0502522,-0.0353816,-0.000978414,0.728932,0.0447455,-0.0353966,0.000632704,0,0,0,0
SIM,nr,CIRCLE_HORIZONTAL,DblSpd,Not Short,NoSpin,1.2,25.9984,15.985,17.185,0.0119848,-0.478455,0.123207,-3.61807,-0.00106994,-0.173174,-0.506218,-0.0351893,-0.371176,-0.471411,-3,0,0.455687,-0.358795,0,0.0565843,-0.0303719,-0.000365973,0.728916,0.0458817,-0.0318082,0.00100099,0,0,0,0
SIM,nr,CIRCLE_HORIZONTAL,DblSpd,Not Short,NoSpin,1.2,26.0974,16.0837,17.2837,0.0121919,-0.490286,0.0750679,-3.62161,-0.00120547,-0.129105,-0.517016,-0.0352565,-0.324579,-0.504627,-3,0,0.487795,-0.313752,0,0.0564908,-0.0278231,-0.000562605,0.728863,0.0443433,-0.028839,0.0012449,0,0,0,0
SIM,nr,CIRCLE_HORIZONTAL,DblSpd,Not Short,NoSpin,1.2,26.1922,16.1784,17.3784,0.012307,-0.497444,0.0267449,-3.62528,-0.00126657,-0.0822704,-0.521945,-0.0353934,-0.277084,-0.532188,-3,0,0.514437,-0.267842,0,0.054407,-0.0223228,0.000720853,0.72877,0.0424129,-0.023943,0.00138756,0,0,0,0
SIM,nr,CIRCLE_HORIZONTAL,DblSpd,Not Short,NoSpin,1.2,26.2775,16.2761,17.4761,0.0205739,-0.50028,-0.017556,-3.62904,-0.00125148,-0.0380644,-0.521989,-0.0351674,-0.225659,-0.555948,-3,0,0.537404,-0.218132,0,0.0497149,-0.017811,0.00126936,0.728716,0.0404543,-0.0183693,0.00139576,0,0,0,0
SIM,nr,CIRCLE_HORIZONTAL,DblSpd,Not Short,NoSpin,1.2,26.3915,16.3775,17.5775,0.0124616,-0.498079,-0.0770876,-3.63474,-0.00125307,0.0231683,-0.515444,-0.0349374,-0.170166,-0.575364,-3,0,0.556172,-0.16449,0,0.0471247,-0.0146436,0.00104241,0.72863,0.0384828,-0.0131766,0.00136341,0,0,0,0
SIM,nr,CIRCLE_HORIZONTAL,DblSpd,Not Short,NoSpin,1.2,26.497,16.4833,17.6833,0.0122134,-0.491019,-0.122766,-3.63958,-0.00121373,0.0731252,-0.504542,-0.0348393,-0.110561,-0.589726,-3,0,0.570055,-0.106873,0,0.0429477,-0.00571101,0.0005166,0.728496,0.0365928,-0.00722657,0.00124385,0,0,0,0
SIM,nr,CIRCLE_HORIZONTAL,DblSpd,Not Short,NoSpin,1.2,26.5983,16.5857,17.7857,0.0111153,-0.478132,-0.169753,-3.64504,-0.0011685,0.127048,-0.487827,-0.0344816,-0.0517489,-0.597764,-3,0,0.577825,-0.0500227,0,0.0393232,9.55742e-05,0.000862292,0.728301,0.0347887,0.00118631,0.000993945,0,0,0,0
SIM,nr,CIRCLE_HORIZONTAL,DblSpd,Not Short,NoSpin,1.2,26.6969,16.6845,17.8845,0.0109177,-0.461372,-0.210987,-3.64985,-0.00105798,0.175836,-0.468427,-0.0337346,0.00550547,-0.599975,-3,0,0.579962,0.00532183,0,0.0342455,0.0076203,0.00149928,0.728146,0.0330062,0.00870899,0.00068777,0,0,0,0
SIM,nr,CIRCLE_HORIZONTAL,DblSpd,Not Short,NoSpin,1.2,26.8073,16.7852,17.9852,0.0206089,-0.435977,-0.257045,-3.65488,-0.000916105,0.231266,-0.442458,-0.0321094,0.0637671,-0.596602,-3,0,0.576702,0.0616401,0,0.0339027,0.016012,0.00202518,0.728063,0.0321158,0.014293,0.000371795,0,0,0,0
SIM,nr,CIRCLE_HORIZONTAL,DblSpd,Not Short,NoSpin,1.2,26.8957,16.8817,18.0817,0.0124296,-0.412125,-0.291574,-3.65849,-0.000816189,0.272722,-0.419855,-0.0304694,0.119084,-0.588064,-3,0,0.568448,0.115112,0,0.0319575,0.0221686,0.000770403,0.72807,0.0322901,0.0180809,9.37108e-05,0,0,0,0
SIM,nr,CIRCLE_HORIZONTAL,DblSpd,Not Short,NoSpin,1.2,26.9965,16.9834,18.1834,0.0116428,-0.382464,-0.327085,-3.66191,-0.000692142,0.314976,-0.39275,-0.0284817,0.17623,-0.573535,-3,0,0.554405,0.170352,0,0.0309314,0.0261705,0.00180569,0.728103,0.0330769,0.0230831,-0.000286212,0,0,0,0
SIM,nr,CIRCLE_HORIZONTAL,DblSpd,Not Short,NoSpin,1.2,27.0921,17.0791,18.2791,0.0114368,-0.34903,-0.360212,-3.66523,-0.000546354,0.354443,-0.363509,-0.0269137,0.228482,-0.554794,-3,0,0.536288,0.220861,0,0.0302073,0.031517,0.00110306,0.72815,0.0340524,0.0278964,-0.000693425,0,0,0,0
SIM,nr,CIRCLE_HORIZONTAL,DblSpd,Not Short,NoSpin,1.2,27.1854,17.184,18.384,0.0113648,-0.315506,-0.388632,-3.66822,-0.000418343,0.387626,-0.334918,-0.0254905,0.283453,-0.528823,-3,0,0.511184,0.273999,0,0.0299288,0.035751,0.000641833,0.728182,0.0347633,0.0342129,-0.00124834,0,0,0,0
SIM,nr,CIRCLE_HORIZONTAL,DblSpd,Not Short,NoSpin,1.2,27.3011,17.2887,18.4887,0.0109673,-0.265766,-0.423702,-3.67208,-0.000227137,0.427575,-0.292976,-0.0238761,0.335424,-0.497485,-3,0,0.480891,0.324235,0,0.0315358,0.0429058,-0.000147588,0.728274,0.0354484,0.0381868,-0.00173109,0,0,0,0
SIM,nr,CIRCLE_HORIZONTAL,DblSpd,Not Short,NoSpin,1.2,27.3929,17.3799,18.5799,0.011453,-0.222794,-0.448719,-3.6752,-0.000123639,0.455045,-0.257148,-0.0228958,0.37794,-0.466006,-3,0,0.450462,0.365333,0,0.031108,0.0459358,0.000372011,0.728338,0.0368585,0.0392768,-0.00200959,0,0,0,0
SIM,nr,CIRCLE_HORIZONTAL,DblSpd,Not Short,NoSpin,1.2,27.4866,17.4851,18.6851,0.0113409,-0.185035,-0.467138,-3.67775,-3.97661e-05,0.47476,-0.225672,-0.0221205,0.423291,-0.425235,-3,0,0.411051,0.409171,0,0.0323038,0.04576,-0.000843186,0.72838,0.0364069,0.0425881,-0.00242275,0,0,0,0
SIM,nr,CIRCLE_HORIZONTAL,DblSpd,Not Short,NoSpin,1.2,27.5802,17.5787,18.7787,0.0143289,-0.125735,-0.489927,-3.68092,5.5775e-05,0.498588,-0.174966,-0.0210978,0.459988,-0.385241,-3,0,0.372391,0.444645,0,0.0321408,0.0468272,-0.000720388,0.728447,0.0348108,0.0451838,-0.00273743,0,0,0,0
SIM,nr,CIRCLE_HORIZONTAL,DblSpd,Not Short,NoSpin,1.2,27.6998,17.6871,18.8871,0.0111583,-0.0848422,-0.501671,-3.68274,0.0001223,0.510409,-0.139404,-0.0207456,0.497756,-0.33502,-3,0,0.323845,0.481153,0,0.0298232,0.0524913,-0.00238189,0.728543,0.0324492,0.0473101,-0.00303175,0,0,0,0
SIM,nr,CIRCLE_HORIZONTAL,DblSpd,Not Short,NoSpin,1.2,27.7923,17.7795,18.9795,0.0113482,-0.0349099,-0.511643,-3.68471,0.000222396,0.520272,-0.0940334,-0.0202666,0.525634,-0.289325,-3,0,0.279674,0.508101,0,0.028009,0.0517986,-0.00248413,0.728627,0.0283469,0.0489471,-0.00323234,0,0,0,0
SIM,nr,CIRCLE_HORIZONTAL,DblSpd,Not Short,NoSpin,1.2,27.8853,17.8839,19.0839,0.0182635,0.0197181,-0.517691,-3.68671,0.000383094,0.52498,-0.0427944,-0.0199674,0.55211,-0.234893,-3,0,0.227058,0.533694,0,0.0215221,0.0531748,-0.00183197,0.728749,0.0229983,0.0498986,-0.00339637,0,0,0,0
SIM,nr,CIRCLE_HORIZONTAL,DblSpd,Not Short,NoSpin,1.2,28.0014,17.9797,19.1797,0.0201712,0.0826581,-0.517882,-3.68891,0.000591982,0.523191,0.0181063,-0.0197799,0.571469,-0.182822,-3,0,0.176723,0.552407,0,0.0143447,0.0528449,-0.00385834,0.728824,0.0197105,0.0497742,-0.00348945,0,0,0,0
SIM,nr,CIRCLE_HORIZONTAL,DblSpd,Not Short,NoSpin,1.2,28.0979,18.0773,19.2773,0.019141,0.128407,-0.513284,-3.69055,0.000762846,0.516901,0.06381,-0.019167,0.586149,-0.128178,-3,0,0.123903,0.566597,0,0.00906014,0.053148,-0.00262597,0.728897,0.0137929,0.0498021,-0.00354753,0,0,0,0
SIM,nr,CIRCLE_HORIZONTAL,DblSpd,Not Short,NoSpin,1.2,28.1859,18.1845,19.3845,0.0206823,0.173245,-0.504851,-3.69238,0.000941136,0.506401,0.109565,-0.0183755,0.596264,-0.0668505,-3,0,0.0646207,0.576375,0,0.00428343,0.0520041,-0.00366542,0.729029,0.00692274,0.0493157,-0.00354441,0,0,0,0
SIM,nr,CIRCLE_HORIZONTAL,DblSpd,Not Short,NoSpin,1.2,28.2922,18.27,19.47,0.0206739,0.22726,-0.488246,-3.69509,0.00122875,0.486244,0.167782,-0.0187462,0.599748,-0.0174004,-3,0,0.01682,0.579742,0,-0.000732141,0.0515298,-0.00334437,0.729077,0.0019303,0.0481697,-0.0035203,0,0,0,0
SIM,nr,CIRCLE_HORIZONTAL,DblSpd,Not Short,NoSpin,1.2,28.3852,18.3838,19.5838,0.021258,0.263232,-0.472322,-3.697,0.00146125,0.467576,0.209091,-0.0189369,0.598035,0.0485254,-3,0,-0.0469068,0.578086,0,-0.00860893,0.0482777,-0.00301626,0.729055,-0.00842487,0.0445847,-0.00334166,0,0,0,0
SIM,nr,CIRCLE_HORIZONTAL,DblSpd,Not Short,NoSpin,1.2,28.4954,18.4795,19.6795,0.0143383,0.313003,-0.442651,-3.69993,0.00186938,0.433437,0.268907,-0.0192153,0.590986,0.103612,-3,0,-0.100156,0.571273,0,-0.016689,0.0443178,-0.00275063,0.729046,-0.0119598,0.0417454,-0.00331345,0,0,0,0
SIM,nr,CIRCLE_HORIZONTAL,DblSpd,Not Short,NoSpin,1.2,28.5764,18.575,19.775,0.0149227,0.343353,-0.419406,-3.70182,0.00214514,0.407236,0.306833,-0.0194733,0.578928,0.157616,-3,0,-0.152359,0.559617,0,-0.0232795,0.0407328,-0.00359731,0.728966,-0.0238363,0.0355129,-0.00305818,0,0,0,0
SIM,nr,CIRCLE_HORIZONTAL,DblSpd,Not Short,NoSpin,1.2,28.6941,18.6807,19.8807,0.0118449,0.376752,-0.387646,-3.70398,0.00247066,0.372836,0.349596,-0.0191601,0.55982,0.215875,-3,0,-0.208674,0.541146,0,-0.0324414,0.0319641,-0.00240536,0.728929,-0.0304373,0.030649,-0.00300001,0,0,0,0
SIM,nr,CIRCLE_HORIZONTAL,DblSpd,Not Short,NoSpin,1.2,28.792,18.7769,19.9769,0.013622,0.408668,-0.348842,-3.70654,0.00282047,0.332122,0.392137,-0.0194387,0.53736,0.266916,-3,0,-0.258013,0.519436,0,-0.0405159,0.0279305,-0.00318903,0.728909,-0.0344775,0.0270393,-0.00301871,0,0,0,0
SIM,nr,CIRCLE_HORIZONTAL,DblSpd,Not Short,NoSpin,1.2,28.9027,18.8888,20.0888,0.0123972,0.434552,-0.309271,-3.70922,0.00308197,0.292249,0.427263,-0.0196903,0.505417,0.323348,-3,0,-0.312562,0.488558,0,-0.0468883,0.0237325,-0.00420696,0.728852,-0.037754,0.0239718,-0.00306656,0,0,0,0
SIM,nr,CIRCLE_HORIZONTAL,DblSpd,Not Short,NoSpin,1.2,28.9789,18.9774,20.1774,0.0126855,0.458554,-0.26266,-3.71238,0.00334716,0.247433,0.460309,-0.0201627,0.475886,0.365421,-3,0,-0.353232,0.460012,0,-0.0490663,0.0195777,-0.00282358,0.728759,-0.0399588,0.022171,-0.00309682,0,0,0,0
SIM,nr,CIRCLE_HORIZONTAL,DblSpd,Not Short,NoSpin,1.2,29.103,19.0836,20.2836,0.0178018,0.476546,-0.216557,-3.71556,0.00357773,0.204782,0.485857,-0.0202596,0.435943,0.412254,-3,0,-0.398503,0.421402,0,-0.0511465,0.0175655,-0.00484379,0.728712,-0.0436169,0.0190975,-0.00315563,0,0,0,0
SIM,nr,CIRCLE_HORIZONTAL,DblSpd,Not Short,NoSpin,1.2,29.1815,19.1801,20.3801,0.0121176,0.490692,-0.168236,-3.71894,0.00377642,0.16129,0.506442,-0.0201645,0.395663,0.451055,-3,0,-0.43601,0.382465,0,-0.0541811,0.013854,-0.00295129,0.728665,-0.0447993,0.0183478,-0.00321229,0,0,0,0
SIM,nr,CIRCLE_HORIZONTAL,DblSpd,Not Short,NoSpin,1.2,29.3083,19.2856,20.4856,0.021099,0.501245,-0.114397,-3.72318,0.00394438,0.113156,0.522444,-0.0202962,0.347679,0.488998,-3,0,-0.472687,0.336082,0,-0.0557081,0.0114045,-0.00242245,0.728589,-0.0463378,0.0164256,-0.0032687,0,0,0,0
SIM,nr,CIRCLE_HORIZONTAL,DblSpd,Not Short,NoSpin,1.2,29.3877,19.3863,20.5863,0.0122789,0.507279,-0.0549784,-3.72817,0.00408191,0.0612505,0.533139,-0.0206262,0.298508,0.520474,-3,0,-0.503113,0.28855,0,-0.0530608,0.011343,-0.00405072,0.728475,-0.0466127,0.0154136,-0.00331726,0,0,0,0
SIM,nr,CIRCLE_HORIZONTAL,DblSpd,Not Short,NoSpin,1.2,29.4963,19.4825,20.6825,0.0123398,0.50844,-0.0121395,-3.73154,0.00414558,0.0240277,0.536424,-0.020854,0.248891,0.545943,-3,0,-0.527732,0.240589,0,-0.0528954,0.00730303,-0.00231295,0.728322,-0.0476662,0.0125875,-0.00336792,0,0,0,0
SIM,nr,CIRCLE_HORIZONTAL,DblSpd,Not Short,NoSpin,1.2,29.5795,19.5781,20.7781,0.012022,0.505157,0.0482817,-3.73609,0.00413535,-0.0286416,0.535684,-0.0206196,0.197472,0.566573,-3,0,-0.547674,0.190885,0,-0.0527008,0.00344078,-0.00420471,0.728231,-0.0484509,0.00978675,-0.00338487,0,0,0,0
SIM,nr,CIRCLE_HORIZONTAL,DblSpd,Not Short,NoSpin,1.2,29.7013,19.6882,20.8882,0.0117032,0.498608,0.0952719,-3.73912,0.00414879,-0.0696315,0.530403,-0.0198232,0.136168,0.584344,-3,0,-0.564853,0.131626,0,-0.0508042,0.00294298,-0.00262633,0.728169,-0.0487971,0.0069424,-0.0034076,0,0,0,0
SIM,nr,CIRCLE_HORIZONTAL,DblSpd,Not Short,NoSpin,1.2,29.7926,19.7704,20.9704,0.0206747,0.488126,0.145713,-3.74164,0.00412617,-0.113807,0.520024,-0.0180691,0.0893236,0.593314,-3,0,-0.573523,0.0863441,0,-0.0517803,0.000150367,-0.00300495,0.728225,-0.0486435,0.00639277,-0.00339201,0,0,0,0
SIM,nr,CIRCLE_HORIZONTAL,DblSpd,Not Short,NoSpin,1.2,29.9123,19.8878,21.0878,0.0230619,0.468774,0.210339,-3.74406,0.00402683,-0.171213,0.499032,-0.0157588,0.0215998,0.599611,-3,0,-0.57961,0.0208793,0,-0.0513646,0.00138948,-0.00278883,0.728446,-0.0484922,0.00222103,-0.00348255,0,0,0,0
SIM,nr,CIRCLE_HORIZONTAL,DblSpd,Not Short,NoSpin,1.2,29.9819,19.9805,21.1805,0.0141912,0.456526,0.241074,-3.74485,0.00397695,-0.199611,0.485139,-0.0146346,-0.0321669,0.599137,-3,0,-0.579152,-0.031094,0,-0.0504024,-0.00282941,-0.0030853,0.728597,-0.0473778,-0.00160589,-0.00356575,0,0,0,0
SIM,nr,CIRCLE_HORIZONTAL,DblSpd,Not Short,NoSpin,1.2,30.0976,20.083,21.283,0.0131882,0.430194,0.291528,-3.74591,0.00390871,-0.249036,0.455441,-0.0134337,-0.0912601,0.593019,-3,0,-0.573238,-0.088216,0,-0.048002,-0.00806351,-0.00332447,0.728842,-0.0449598,-0.00559557,-0.00369526,0,0,0,0
SIM,nr,CIRCLE_HORIZONTAL,DblSpd,Not Short,NoSpin,1.2,30.1802,20.1788,21.3788,0.0127865,0.407639,0.32476,-3.74653,0.00386727,-0.283567,0.430192,-0.0128326,-0.145706,0.582039,-3,0,-0.562625,-0.140846,0,-0.0437091,-0.0125494,-0.00443746,0.728982,-0.0411955,-0.0122934,-0.00399167,0,0,0,0
SIM,nr,CIRCLE_HORIZONTAL,DblSpd,Not Short,NoSpin,1.2,30.2864,20.285,21.485,0.0120235,0.374209,0.364167,-3.747,0.00385649,-0.326975,0.393111,-0.0122154,-0.204604,0.564037,-3,0,-0.545222,-0.197779,0,-0.0380211,-0.019382,-0.00287266,0.729144,-0.0366008,-0.0196318,-0.00435438,0,0,0,0
SIM,nr,CIRCLE_HORIZONTAL,DblSpd,Not Short,NoSpin,1.2,30.384,20.3825,21.5825,0.0119438,0.339786,0.396458,-3.74745,0.00381973,-0.364699,0.355016,-0.0121716,-0.256804,0.542265,-3,0,-0.524178,-0.248238,0,-0.0354445,-0.0266742,-0.00378497,0.729286,-0.0325133,-0.0250875,-0.00464071,0,0,0,0
SIM,nr,CIRCLE_HORIZONTAL,DblSpd,Not Short,NoSpin,1.2,30.4811,20.4797,21.6797,0.0116398,0.305464,0.422564,-3.74794,0.00380413,-0.396581,0.317721,-0.0122163,-0.3065,0.515808,-3,0,-0.498602,-0.296277,0,-0.0290624,-0.0318211,-0.0041465,0.729371,-0.0277152,-0.0310912,-0.00494788,0,0,0,0
SIM,nr,CIRCLE_HORIZONTAL,DblSpd,Not Short,NoSpin,1.2,30.5975,20.5821,21.7821,0.0137961,0.254353,0.452465,-3.74838,0.00375917,-0.435398,0.263445,-0.0126411,-0.356016,0.482962,-3,0,-0.466852,-0.344141,0,-0.0224159,-0.038541,-0.00452539,0.729502,-0.024377,-0.0350411,-0.00515219,0,0,0,0
SIM,nr,CIRCLE_HORIZONTAL,DblSpd,Not Short,NoSpin,1.2,30.6983,20.6824,21.8824,0.0144346,0.207105,0.472751,-3.74826,0.00369403,-0.463699,0.21431,-0.0132099,-0.401083,0.446243,-3,0,-0.431358,-0.387704,0,-0.017438,-0.0428209,-0.00386662,0.729585,-0.0191779,-0.0411646,-0.00541645,0,0,0,0
SIM,nr,CIRCLE_HORIZONTAL,DblSpd,Not Short,NoSpin,1.2,30.79,20.7885,21.9885,0.0177637,0.165748,0.485594,-3.74816,0.00358602,-0.48308,0.171421,-0.0137804,-0.444665,0.402832,-3,0,-0.389395,-0.429832,0,-0.0112069,-0.0475375,-0.00442023,0.729653,-0.0149704,-0.044445,-0.00547719,0,0,0,0
SIM,nr,CIRCLE_HORIZONTAL,DblSpd,Not Short,NoSpin,1.2,30.8735,20.8721,22.0721,0.0203031,0.122796,0.494664,-3.74812,0.00345809,-0.498426,0.12805,-0.0147893,-0.475706,0.365655,-3,0,-0.353458,-0.459838,0,-0.0078328,-0.0501021,-0.00466568,0.729744,-0.0120893,-0.0457272,-0.00541732,0,0,0,0
SIM,nr,CIRCLE_HORIZONTAL,DblSpd,Not Short,NoSpin,1.2,30.9916,20.9781,22.1781,0.0120284,0.065797,0.500772,-3.74796,0.00319647,-0.512935,0.0730007,-0.0162793,-0.510613,0.315079,-3,0,-0.304569,-0.493581,0,-0.00529199,-0.0486562,-0.00392736,0.729816,-0.00832852,-0.0479515,-0.00528556,0,0,0,0
SIM,nr,CIRCLE_HORIZONTAL,DblSpd,Not Short,NoSpin,1.2,31.0863,21.0849,22.2849,0.0109463,0.0197537,0.501649,-3.74786,0.00292526,-0.520044,0.0297286,-0.0173712,-0.540365,0.26078,-3,0,-0.252081,-0.52234,0,0.00123648,-0.0524622,-0.00480422,0.729882,-0.00620834,-0.0496604,-0.00507835,0,0,0,0
SIM,nr,CIRCLE_HORIZONTAL,DblSpd,Not Short,NoSpin,1.2,31.1853,21.1838,22.3838,0.0127233,-0.0311008,0.498993,-3.74788,0.00259273,-0.523457,-0.0161471,-0.0186387,-0.562804,0.20797,-3,0,-0.201033,-0.544031,0,0.00225186,-0.0533044,-0.00537319,0.729945,-0.00452022,-0.0511943,-0.00483045,0,0,0,0
SIM,nr,CIRCLE_HORIZONTAL,DblSpd,Not Short,NoSpin,1.2,31.2928,21.2757,22.4757,0.015538,-0.0948487,0.490092,-3.74819,0.00206781,-0.52105,-0.0719676,-0.0200434,-0.57903,0.157239,-3,0,-0.151995,-0.559716,0,0.00357048,-0.0551032,-0.00615091,0.73005,-0.00318284,-0.052301,-0.00451451,0,0,0,0
SIM,nr,CIRCLE_HORIZONTAL,DblSpd,Not Short,NoSpin,1.2,31.3912,21.3898,22.5898,0.0119979,-0.145339,0.478875,-3.749,0.00160135,-0.513532,-0.11529,-0.0214632,-0.592818,0.0925561,-3,0,-0.0894688,-0.573044,0,0.00806593,-0.0557169,-0.00488126,0.730085,-0.00107544,-0.0531558,-0.00398253,0,0,0,0
SIM,nr,CIRCLE_HORIZONTAL,DblSpd,Not Short,NoSpin,1.2,31.4848,21.4833,22.6833,0.012257,-0.190664,0.465139,-3.75021,0.0011765,-0.502266,-0.154017,-0.0231287,-0.598755,0.0386396,-3,0,-0.0373507,-0.578782,0,0.0091023,-0.0551841,-0.00531884,0.729972,2.43551e-05,-0.0530895,-0.00355831,0,0,0,0
SIM,nr,CIRCLE_HORIZONTAL,DblSpd,Not Short,NoSpin,1.2,31.605,21.5837,22.7837,0.0197711,-0.250447,0.441019,-3.75338,0.000603503,-0.480166,-0.205151,-0.0257341,-0.599682,-0.019537,-3,0,0.0188853,-0.579679,0,0.0105865,-0.053373,-0.00395847,0.729744,0.000638355,-0.0526345,-0.00306835,0,0,0,0
SIM,nr,CIRCLE_HORIZONTAL,DblSpd,Not Short,NoSpin,1.2,31.7011,21.6827,22.8827,0.0169188,-0.288596,0.421396,-3.75614,0.000226641,-0.461597,-0.23826,-0.0269929,-0.595071,-0.0767497,-3,0,0.0741896,-0.575222,0,0.0104584,-0.0517646,-0.00357919,0.729454,0.00420916,-0.0514184,-0.00246382,0,0,0,0
SIM,nr,CIRCLE_HORIZONTAL,DblSpd,Not Short,NoSpin,1.2,31.8,21.7863,22.9863,0.0122244,-0.339342,0.389247,-3.76053,-0.000329906,-0.430536,-0.283355,-0.0282056,-0.584415,-0.135863,-3,0,0.131331,-0.564921,0,0.0146801,-0.0520473,-0.00395413,0.729144,0.00773688,-0.0497672,-0.00180507,0,0,0,0
SIM,nr,CIRCLE_HORIZONTAL,DblSpd,Not Short,NoSpin,1.2,31.9025,21.8889,23.0889,0.0121083,-0.383383,0.354991,-3.76504,-0.000825194,-0.396853,-0.323111,-0.0287455,-0.568096,-0.193047,-3,0,0.186608,-0.549146,0,0.0202734,-0.0472404,-0.00372706,0.7288,0.0138896,-0.0469517,-0.00102443,0,0,0,0
SIM,nr,CIRCLE_HORIZONTAL,DblSpd,Not Short,NoSpin,1.2,31.9848,21.9833,23.1833,0.0128609,-0.414894,0.325833,-3.76841,-0.00123115,-0.368035,-0.352029,-0.0285513,-0.54813,-0.244035,-3,0,0.235895,-0.529847,0,0.0218911,-0.0460522,-0.00169393,0.728538,0.0194011,-0.0441122,-0.000312738,0,0,0,0
SIM,nr,CIRCLE_HORIZONTAL,DblSpd,Not Short,NoSpin,1.2,32.0995,22.086,23.286,0.011973,-0.454606,0.281425,-3.7733,-0.00178126,-0.323097,-0.389749,-0.0274389,-0.521245,-0.29716,-3,0,0.287248,-0.503858,0,0.0301667,-0.0407426,-0.00147327,0.728327,0.0242713,-0.0412247,0.000402089,0,0,0,0
SIM,nr,CIRCLE_HORIZONTAL,DblSpd,Not Short,NoSpin,1.2,32.2001,22.1873,23.3873,0.0113053,-0.485921,0.2368,-3.77813,-0.0022597,-0.277002,-0.421217,-0.0260815,-0.489713,-0.346672,-3,0,0.335108,-0.473378,0,0.0347956,-0.0359189,-0.00178347,0.728109,0.0291731,-0.0374381,0.00113948,0,0,0,0
SIM,nr,CIRCLE_HORIZONTAL,DblSpd,Not Short,NoSpin,1.2,32.2942,22.2722,23.4722,0.0205786,-0.507969,0.19679,-3.78237,-0.00258145,-0.234768,-0.444443,-0.0243722,-0.459652,-0.385642,-3,0,0.372779,-0.44432,0,0.0367061,-0.0323922,-0.00107012,0.727956,0.0329097,-0.0335152,0.00163762,0,0,0,0
SIM,nr,CIRCLE_HORIZONTAL,DblSpd,Not Short,NoSpin,1.2,32.3911,22.3897,23.5897,0.0137697,-0.526871,0.151583,-3.78701,-0.00295716,-0.186308,-0.4663,-0.0224933,-0.412981,-0.435255,-3,0,0.420736,-0.399206,0,0.0401899,-0.0278786,8.10751e-05,0.727745,0.0389826,-0.0257446,0.00233097,0,0,0,0
SIM,nr,CIRCLE_HORIZONTAL,DblSpd,Not Short,NoSpin,1.2,32.4822,22.4808,23.6808,0.0134657,-0.537913,0.113113,-3.791,-0.00318761,-0.143668,-0.480771,-0.0209688,-0.373092,-0.469896,-3,0,0.454222,-0.360647,0,0.0437241,-0.0229491,0.000256161,0.727583,0.0412152,-0.0205643,0.00268117,0,0,0,0
SIM,nr,CIRCLE_HORIZONTAL,DblSpd,Not Short,NoSpin,1.2,32.6032,22.5884,23.7884,0.0132022,-0.545978,0.0548045,-3.79725,-0.00342811,-0.0766108,-0.49618,-0.0184284,-0.322262,-0.50611,-3,0,0.489228,-0.311513,0,0.0478579,-0.0111088,0.00146623,0.727339,0.0441311,-0.0100464,0.0029792,0,0,0,0
SIM,nr,CIRCLE_HORIZONTAL,DblSpd,Not Short,NoSpin,1.2,32.7022,22.6887,23.8887,0.0120111,-0.545749,0.00764852,-3.80204,-0.00354473,-0.0215703,-0.503093,-0.0159378,-0.271777,-0.534918,-3,0,0.517075,-0.262712,0,0.051604,-0.0036456,0.00129615,0.727126,0.0448915,-0.000403451,0.00303898,0,0,0,0
SIM,nr,CIRCLE_HORIZONTAL,DblSpd,Not Short,NoSpin,1.2,32.7801,22.7787,23.9787,0.0125688,-0.539622,-0.0439825,-3.8066,-0.00362947,0.0375259,-0.505345,-0.012662,-0.224276,-0.556507,-3,0,0.537944,-0.216795,0,0.0510464,0.00682292,0.00191894,0.726986,0.0450161,0.00748883,0.00298474,0,0,0,0
SIM,nr,CIRCLE_HORIZONTAL,DblSpd,Not Short,NoSpin,1.2,32.8996,22.8822,24.0822,0.0159383,-0.529837,-0.0876258,-3.81004,-0.0036841,0.0862907,-0.502856,-0.00965639,-0.167588,-0.57612,-3,0,0.556903,-0.161998,0,0.0497361,0.0156035,0.00291185,0.726923,0.0445309,0.0138079,0.00287011,0,0,0,0
SIM,nr,CIRCLE_HORIZONTAL,DblSpd,Not Short,NoSpin,1.2,32.981,22.9795,24.1795,0.0184033,-0.51007,-0.146014,-3.81415,-0.00373095,0.149434,-0.493313,-0.00564094,-0.112688,-0.589323,-3,0,0.569665,-0.108929,0,0.0464917,0.0225079,0.00276723,0.726906,0.0439509,0.0163605,0.00278739,0,0,0,0
SIM,nr,CIRCLE_HORIZONTAL,DblSpd,Not Short,NoSpin,1.2,33.0827,23.0813,24.2813,0.0136239,-0.491637,-0.18777,-3.81637,-0.00373582,0.192585,-0.48185,-0.00231716,-0.0542683,-0.597541,-3,0,0.577609,-0.0524581,0,0.0468389,0.0265613,0.00255124,0.726925,0.0434661,0.0202496,0.00261254,0,0,0,0
SIM,nr,CIRCLE_HORIZONTAL,DblSpd,Not Short,NoSpin,1.2,33.1909,23.1895,24.3895,0.0205735,-0.463064,-0.23951,-3.81801,-0.00369227,0.243813,-0.4624,0.00175152,0.00839914,-0.599941,-3,0,0.57993,0.00811897,0,0.0476826,0.0316281,0.00323778,0.727055,0.0425982,0.0227691,0.00241663,0,0,0,0
SIM,nr,CIRCLE_HORIZONTAL,DblSpd,Not Short,NoSpin,1.2,33.3027,23.2885,24.4885,0.0126397,-0.433754,-0.282116,-3.81818,-0.00364295,0.284602,-0.441434,0.00510872,0.065718,-0.59639,-3,0,0.576497,0.0635259,0,0.0465477,0.0310434,0.00212404,0.727238,0.0415435,0.0251009,0.00219228,0,0,0,0
SIM,nr,CIRCLE_HORIZONTAL,DblSpd,Not Short,NoSpin,1.2,33.4027,23.3897,24.5897,0.011541,-0.397843,-0.32643,-3.81683,-0.00353202,0.324914,-0.415033,0.00910344,0.123626,-0.587126,-3,0,0.567542,0.119502,0,0.0411646,0.0333279,0.00240773,0.727557,0.0407028,0.0275232,0.00190363,0,0,0,0
SIM,nr,CIRCLE_HORIZONTAL,DblSpd,Not Short,NoSpin,1.2,33.5093,23.4875,24.6875,0.0202705,-0.362059,-0.365259,-3.81436,-0.00340244,0.358017,-0.387438,0.0123165,0.178526,-0.572825,-3,0,0.553718,0.172571,0,0.0390759,0.0337688,0.00359018,0.727871,0.0412006,0.0268048,0.00175732,0,0,0,0
SIM,nr,CIRCLE_HORIZONTAL,DblSpd,Not Short,NoSpin,1.2,33.5751,23.5736,24.7736,0.0183799,-0.336859,-0.389672,-3.81218,-0.00331323,0.377811,-0.367278,0.0143841,0.225521,-0.556004,-3,0,0.537458,0.217999,0,0.0388734,0.0333171,0.00120721,0.728242,0.0411762,0.0282649,0.00148135,0,0,0,0
SIM,nr,CIRCLE_HORIZONTAL,DblSpd,Not Short,NoSpin,1.2,33.6992,23.6847,24.8847,0.0130626,-0.283863,-0.434905,-3.8071,-0.00310907,0.412677,-0.323527,0.0176871,0.283806,-0.528634,-3,0,0.511001,0.274339,0,0.036854,0.0345,0.00207156,0.728795,0.0412802,0.0287466,0.0011754,0,0,0,0
SIM,nr,CIRCLE_HORIZONTAL,DblSpd,Not Short,NoSpin,1.2,33.8011,23.7873,24.9873,0.0123203,-0.238326,-0.46729,-3.80292,-0.0028782,0.436373,-0.283877,0.0186605,0.334746,-0.497941,-3,0,0.481332,0.32358,0,0.0383014,0.0352817,0.0027354,0.729298,0.0406973,0.0292484,0.000881197,0,0,0,0
SIM,nr,CIRCLE_HORIZONTAL,DblSpd,Not Short,NoSpin,1.2,33.8811,23.8797,25.0797,0.0170415,-0.205357,-0.486931,-3.80016,-0.00268148,0.450609,-0.254159,0.0190451,0.377822,-0.466102,-3,0,0.450554,0.365219,0,0.0365928,0.0365903,0.00247435,0.729628,0.0381956,0.0303977,0.000545478,0,0,0,0
SIM,nr,CIRCLE_HORIZONTAL,DblSpd,Not Short,NoSpin,1.2,34.0028,23.9891,25.1891,0.0121787,-0.144508,-0.51562,-3.7959,-0.00228675,0.471232,-0.196808,0.0179498,0.424922,-0.423605,-3,0,0.409475,0.410749,0,0.0310999,0.0343262,0.0021222,0.72989,0.0358412,0.0302187,0.000254498,0,0,0,0
SIM,nr,CIRCLE_HORIZONTAL,DblSpd,Not Short,NoSpin,1.2,34.0999,24.0789,25.2789,0.01951,-0.105402,-0.529119,-3.79368,-0.00195515,0.481019,-0.158211,0.0163447,0.460045,-0.385173,-3,0,0.372325,0.4447,0,0.028222,0.034568,0.000503174,0.730019,0.0317366,0.0318755,-0.000144327,0,0,0,0
SIM,nr,CIRCLE_HORIZONTAL,DblSpd,Not Short,NoSpin,1.2,34.1891,24.1877,25.3877,0.0117435,-0.0571947,-0.540901,-3.79161,-0.00157789,0.490149,-0.109574,0.0141322,0.497933,-0.334758,-3,0,0.323592,0.481324,0,0.0228461,0.0364417,0.00074111,0.730057,0.0252289,0.0344294,-0.000672514,0,0,0,0
SIM,nr,CIRCLE_HORIZONTAL,DblSpd,Not Short,NoSpin,1.2,34.2883,24.2868,25.4868,0.0119647,-0.00396655,-0.548317,-3.79032,-0.00110444,0.496373,-0.0554576,0.0113718,0.527685,-0.285567,-3,0,0.276041,0.510084,0,0.016329,0.0382178,0.00058467,0.729988,0.0173894,0.0384002,-0.00125219,0,0,0,0
SIM,nr,CIRCLE_HORIZONTAL,DblSpd,Not Short,NoSpin,1.2,34.3831,24.3816,25.5816,0.0114025,0.0407776,-0.550035,-3.7897,-0.000719085,0.4983,-0.0086722,0.00946392,0.551601,-0.236084,-3,0,0.228209,0.533202,0,0.00909965,0.0401336,0.000218309,0.729878,0.0119342,0.0410174,-0.00170786,0,0,0,0
SIM,nr,CIRCLE_HORIZONTAL,DblSpd,Not Short,NoSpin,1.2,34.4863,24.4849,25.6849,0.020639,0.0885767,-0.547093,-3.78929,-0.000260121,0.495456,0.0424382,0.00767058,0.572377,-0.179957,-3,0,0.173954,0.553285,0,0.00282334,0.0427726,-0.000496686,0.729754,0.00592561,0.0424106,-0.00208667,0,0,0,0
SIM,nr,CIRCLE_HORIZONTAL,DblSpd,Not Short,NoSpin,1.2,34.5836,24.5822,25.7822,0.0120555,0.143522,-0.537145,-3.78958,0.000292671,0.487201,0.101787,0.00600011,0.586746,-0.125416,-3,0,0.121233,0.567174,0,-0.00108137,0.0439702,-0.000832696,0.729659,0.00279144,0.042464,-0.00237934,0,0,0,0
SIM,nr,CIRCLE_HORIZONTAL,DblSpd,Not Short,NoSpin,1.2,34.682,24.6806,25.8806,0.0123058,0.193171,-0.521922,-3.78994,0.000819026,0.474515,0.156237,0.00470634,0.596006,-0.0691168,-3,0,0.0668114,0.576125,0,-0.0067435,0.0442883,-0.00107678,0.729514,-0.00305766,0.0427365,-0.00268166,0,0,0,0
SIM,nr,CIRCLE_HORIZONTAL,DblSpd,Not Short,NoSpin,1.2,34.7844,24.783,25.983,0.021753,0.2343,-0.504671,-3.78983,0.00122419,0.460481,0.201193,0.00379816,0.599919,-0.00986912,-3,0,0.00953992,0.579908,0,-0.0155293,0.0421129,-0.00227421,0.729384,-0.0120316,0.0429858,-0.00289074,0,0,0,0
SIM,nr,CIRCLE_HORIZONTAL,DblSpd,Not Short,NoSpin,1.2,34.8838,24.8824,26.0824,0.0142096,0.277751,-0.481748,-3.78954,0.00164571,0.441851,0.24828,0.0031539,0.598099,0.0477216,-3,0,-0.0461298,0.578149,0,-0.0214737,0.0431439,-0.00188605,0.729326,-0.0167722,0.0432423,-0.00308993,0,0,0,0
SIM,nr,CIRCLE_HORIZONTAL,DblSpd,Not Short,NoSpin,1.2,34.9787,24.9773,26.1773,0.0206298,0.319604,-0.454924,-3.78964,0.00202881,0.420131,0.292355,0.00266948,0.591212,0.102312,-3,0,-0.0988996,0.571492,0,-0.0284474,0.0430582,-0.00265199,0.729274,-0.0204678,0.0434755,-0.00325037,0,0,0,0
SIM,nr,CIRCLE_HORIZONTAL,DblSpd,Not Short,NoSpin,1.2,35.1049,25.0827,26.2827,0.0207546,0.369111,-0.416281,-3.79027,0.00244775,0.388386,0.342658,0.00207238,0.577738,0.161922,-3,0,-0.156521,0.558467,0,-0.0308196,0.0430104,-0.00194373,0.72924,-0.0211098,0.0443416,-0.0034312,0,0,0,0
SIM,nr,CIRCLE_HORIZONTAL,DblSpd,Not Short,NoSpin,1.2,35.1897,25.1883,26.3883,0.0206486,0.403257,-0.384785,-3.79097,0.00268545,0.36201,0.376097,0.00165466,0.55823,0.219952,-3,0,-0.212616,0.53961,0,-0.0326271,0.0417941,-0.00245778,0.729173,-0.0256689,0.0440906,-0.00346021,0,0,0,0
SIM,nr,CIRCLE_HORIZONTAL,DblSpd,Not Short,NoSpin,1.2,35.2977,25.2814,26.4814,0.0148369,0.437606,-0.347861,-3.79205,0.00290685,0.329652,0.408543,0.000634417,0.536213,0.269214,-3,0,-0.260234,0.518327,0,-0.0367315,0.0413111,-0.00299967,0.72909,-0.0276704,0.0437785,-0.00348752,0,0,0,0
SIM,nr,CIRCLE_HORIZONTAL,DblSpd,Not Short,NoSpin,1.2,35.3799,25.3784,26.5784,0.0128613,0.463339,-0.315092,-3.79315,0.0030846,0.299545,0.432699,-0.000100559,0.508623,0.318281,-3,0,-0.307665,0.491657,0,-0.0362017,0.0421008,-0.00353361,0.728951,-0.02996,0.0416939,-0.00343274,0,0,0,0
SIM,nr,CIRCLE_HORIZONTAL,DblSpd,Not Short,NoSpin,1.2,35.4927,25.4789,26.6789,0.0122453,0.496859,-0.26324,-3.79524,0.003351,0.25007,0.463631,-0.00060377,0.475363,0.366101,-3,0,-0.35389,0.459507,0,-0.0389646,0.0390743,-0.00330485,0.728819,-0.0314508,0.0385393,-0.00338491,0,0,0,0
SIM,nr,CIRCLE_HORIZONTAL,DblSpd,Not Short,NoSpin,1.2,35.5803,25.5788,26.7788,0.0131567,0.515971,-0.226828,-3.79693,0.00347185,0.214604,0.480796,-0.000547656,0.437845,0.410234,-3,0,-0.39655,0.42324,0,-0.0396382,0.0354179,-0.00311786,0.728696,-0.032421,0.0345723,-0.0033266,0,0,0,0
SIM,nr,CIRCLE_HORIZONTAL,DblSpd,Not Short,NoSpin,1.2,35.6942,25.6803,26.8803,0.0124127,0.540055,-0.168976,-3.79948,0.00364671,0.158479,0.502098,-0.000392961,0.395555,0.45115,-3,0,-0.436101,0.382361,0,-0.0410098,0.0290034,-0.00345805,0.728587,-0.0329921,0.0318126,-0.00329409,0,0,0,0
SIM,nr,CIRCLE_HORIZONTAL,DblSpd,Not Short,NoSpin,1.2,35.7949,25.7805,26.9805,0.0127926,0.554501,-0.120895,-3.80132,0.00375223,0.111158,0.514855,2.13486e-05,0.350098,0.487269,-3,0,-0.471016,0.338421,0,-0.0409049,0.0242745,-0.00492416,0.728459,-0.0367807,0.0259638,-0.00320187,0,0,0,0
SIM,nr,CIRCLE_HORIZONTAL,DblSpd,Not Short,NoSpin,1.2,35.8953,25.8818,27.0818,0.0119779,0.564254,-0.0676807,-3.8027,0.00388478,0.0578048,0.523567,0.000936468,0.300749,0.519182,-3,0,-0.501864,0.290717,0,-0.041905,0.0191145,-0.00304343,0.728389,-0.0394775,0.020897,-0.00318071,0,0,0,0
SIM,nr,CIRCLE_HORIZONTAL,DblSpd,Not Short,NoSpin,1.2,36.0073,25.988,27.188,0.017796,0.567488,-0.0137562,-3.80366,0.00402029,0.00243231,0.527369,0.00204539,0.245975,0.547262,-3,0,-0.529008,0.237771,0,-0.046101,0.0142501,-0.00381909,0.728387,-0.0414506,0.0161983,-0.00323119,0,0,0,0
SIM,nr,CIRCLE_HORIZONTAL,DblSpd,Not Short,NoSpin,1.2,36.0977,26.0804,27.2804,0.0157387,0.564299,0.0362878,-3.80384,0.00416761,-0.0501642,0.526621,0.00327253,0.196189,0.567018,-3,0,-0.548105,0.189645,0,-0.0471359,0.0104793,-0.00407277,0.728399,-0.0433453,0.00988037,-0.00337511,0,0,0,0
SIM,nr,CIRCLE_HORIZONTAL,DblSpd,Not Short,NoSpin,1.2,36.2002,26.1871,27.3871,0.0115725,0.555329,0.0862276,-3.80338,0.00430888,-0.103259,0.52182,0.00476972,0.136757,0.584207,-3,0,-0.56472,0.132196,0,-0.04887,-0.000830865,-0.0037611,0.728477,-0.0460757,-0.0013331,-0.00372111,0,0,0,0
SIM,nr,CIRCLE_HORIZONTAL,DblSpd,Not Short,NoSpin,1.2,36.2949,26.2822,27.4822,0.0112498,0.542584,0.131384,-3.80234,0.00441252,-0.151252,0.513595,0.00625749,0.0825727,0.594291,-3,0,-0.574468,0.0798184,0,-0.0506324,-0.00826307,-0.00292008,0.728615,-0.0471929,-0.0088468,-0.00406043,0,0,0,0
SIM,nr,CIRCLE_HORIZONTAL,DblSpd,Not Short,NoSpin,1.2,36.3869,26.3854,27.5854,0.0116024,0.520066,0.187624,-3.8008,0.00453413,-0.210437,0.497942,0.00741259,0.0229342,0.599562,-3,0,-0.579562,0.0221692,0,-0.0491281,-0.0197654,-0.00312269,0.728781,-0.0480151,-0.0159214,-0.00444838,0,0,0,0
SIM,nr,CIRCLE_HORIZONTAL,DblSpd,Not Short,NoSpin,1.2,36.4827,26.4813,27.6813,0.0113188,0.502014,0.222839,-3.79979,0.00460982,-0.246865,0.484786,0.00782543,-0.0326216,0.599113,-3,0,-0.579128,-0.0315334,0,-0.0490494,-0.0240766,-0.00328265,0.728907,-0.0482652,-0.021248,-0.00483033,0,0,0,0
SIM,nr,CIRCLE_HORIZONTAL,DblSpd,Not Short,NoSpin,1.2,36.5783,26.5769,27.7769,0.0203178,0.470725,0.272512,-3.79817,0.0045875,-0.297399,0.462035,0.00865689,-0.0877697,0.593546,-3,0,-0.573747,-0.0848421,0,-0.0498426,-0.0291589,-0.00388687,0.729016,-0.0481787,-0.0265547,-0.00517006,0,0,0,0
SIM,nr,CIRCLE_HORIZONTAL,DblSpd,Not Short,NoSpin,1.2,36.6992,26.6853,27.8853,0.0122469,0.427692,0.32764,-3.79602,0.00442893,-0.351518,0.430668,0.00945069,-0.149396,0.581103,-3,0,-0.56172,-0.144413,0,-0.0489771,-0.0347033,-0.00399461,0.729205,-0.0486695,-0.0315682,-0.00550121,0,0,0,0
SIM,nr,CIRCLE_HORIZONTAL,DblSpd,Not Short,NoSpin,1.2,36.8022,26.7882,27.9882,0.0125292,0.385244,0.37263,-3.79411,0.00424096,-0.393909,0.399217,0.00945988,-0.206352,0.563399,-3,0,-0.544606,-0.199469,0,-0.045815,-0.0409739,-0.00396614,0.729378,-0.0487387,-0.0374399,-0.00583584,0,0,0,0
SIM,nr,CIRCLE_HORIZONTAL,DblSpd,Not Short,NoSpin,1.2,36.902,26.8889,28.0889,0.011629,0.342312,0.411429,-3.79253,0.00400899,-0.429087,0.366359,0.00890403,-0.260136,0.540675,-3,0,-0.52264,-0.251459,0,-0.0441216,-0.0477,-0.00516449,0.729512,-0.0487645,-0.0418547,-0.00609405,0,0,0,0
SIM,nr,CIRCLE_HORIZONTAL,DblSpd,Not Short,NoSpin,1.2,36.9951,26.9824,28.1824,0.0112168,0.301148,0.444051,-3.79133,0.00374832,-0.456417,0.33284,0.0080954,-0.307871,0.514991,-3,0,-0.497812,-0.297602,0,-0.0447378,-0.0498919,-0.00527707,0.729597,-0.0478633,-0.0449907,-0.00622408,0,0,0,0
SIM,nr,CIRCLE_HORIZONTAL,DblSpd,Not Short,NoSpin,1.2,37.0887,27.0873,28.2873,0.0187962,0.254462,0.475948,-3.79042,0.00339361,-0.481083,0.292864,0.00683678,-0.358415,0.481185,-3,0,-0.465134,-0.346459,0,-0.0443595,-0.049483,-0.00660886,0.729632,-0.045155,-0.0463356,-0.0061376,0,0,0,0
SIM,nr,CIRCLE_HORIZONTAL,DblSpd,Not Short,NoSpin,1.2,37.1934,27.1804,28.3804,0.0115229,0.202314,0.505917,-3.79022,0.00296812,-0.501454,0.245777,0.00465993,-0.400197,0.447038,-3,0,-0.432126,-0.386848,0,-0.0409866,-0.0492217,-0.00510588,0.729602,-0.0434485,-0.0447386,-0.00584908,0,0,0,0
SIM,nr,CIRCLE_HORIZONTAL,DblSpd,Not Short,NoSpin,1.2,37.2872,27.2858,28.4858,0.0110997,0.153024,0.528366,-3.79045,0.00252876,-0.514685,0.198402,0.00290511,-0.443603,0.404001,-3,0,-0.390525,-0.428806,0,-0.0360652,-0.0507944,-0.00530826,0.729473,-0.037261,-0.0444803,-0.00545437,0,0,0,0
SIM,nr,CIRCLE_HORIZONTAL,DblSpd,Not Short,NoSpin,1.2,37.4017,27.3882,28.5882,0.0120084,0.0988242,0.546378,-3.79095,0.0021095,-0.524051,0.143326,0.00144591,-0.481361,0.358178,-3,0,-0.346231,-0.465305,0,-0.0310431,-0.0482803,-0.00468354,0.729346,-0.0298839,-0.0436874,-0.00500546,0,0,0,0
SIM,nr,CIRCLE_HORIZONTAL,DblSpd,Not Short,NoSpin,1.2,37.4857,27.4843,28.6843,0.0205625,0.0570151,0.556291,-3.79167,0.00176842,-0.527578,0.0990088,0.000643031,-0.512503,0.311995,-3,0,-0.301588,-0.495408,0,-0.0267837,-0.0483745,-0.00539222,0.729255,-0.0250672,-0.0417248,-0.00457677,0,0,0,0
SIM,nr,CIRCLE_HORIZONTAL,DblSpd,Not Short,NoSpin,1.2,37.5878,27.5864,28.7864,0.0120391,0.00706664,0.563552,-3.79307,0.00128385,-0.52761,0.0445414,-0.000169604,-0.540744,0.259992,-3,0,-0.251319,-0.522707,0,-0.0205743,-0.0455509,-0.00505748,0.729097,-0.0158646,-0.0405084,-0.00394452,0,0,0,0
SIM,nr,CIRCLE_HORIZONTAL,DblSpd,Not Short,NoSpin,1.2,37.6888,27.6874,28.8874,0.0120147,-0.0458515,0.565551,-3.79545,0.000749709,-0.522413,-0.015349,-0.00108368,-0.563519,0.206026,-3,0,-0.199154,-0.544722,0,-0.00694907,-0.0434838,-0.00469738,0.728857,-0.00602425,-0.0396697,-0.00325562,0,0,0,0
SIM,nr,CIRCLE_HORIZONTAL,DblSpd,Not Short,NoSpin,1.2,37.7999,27.7806,28.9806,0.0177633,-0.105081,0.559996,-3.7987,7.58201e-05,-0.510073,-0.0842748,-0.00160908,-0.579768,0.154497,-3,0,-0.149344,-0.560429,0,0.00644002,-0.0419465,-0.00453781,0.728641,-0.000372497,-0.0381242,-0.00263626,0,0,0,0
SIM,nr,CIRCLE_HORIZONTAL,DblSpd,Not Short,NoSpin,1.2,37.8906,27.8894,29.0894,0.0125585,-0.143611,0.551521,-3.80081,-0.000375633,-0.498998,-0.129566,-0.00143054,-0.592781,0.0927914,-3,0,-0.0896963,-0.573008,0,0.0130327,-0.0395571,-0.00427854,0.728415,0.00686721,-0.0369243,-0.00189253,0,0,0,0
SIM,nr,CIRCLE_HORIZONTAL,DblSpd,Not Short,NoSpin,1.2,37.9925,27.9779,29.1779,0.0131129,-0.191981,0.534886,-3.80321,-0.000901525,-0.480588,-0.186721,-0.000809515,-0.598542,0.0418022,-3,0,-0.0404078,-0.578577,0,0.019035,-0.0376326,-0.00388621,0.72824,0.0125741,-0.0361626,-0.00125341,0,0,0,0
SIM,nr,CIRCLE_HORIZONTAL,DblSpd,Not Short,NoSpin,1.2,38.0911,28.0691,29.2691,0.0205341,-0.234416,0.514096,-3.80495,-0.00142258,-0.460301,-0.237036,0.000772223,-0.599898,-0.0110509,-3,0,0.0106823,-0.579888,0,0.0253922,-0.03514,-0.00350698,0.728148,0.015742,-0.0355769,-0.000736333,0,0,0,0
SIM,nr,CIRCLE_HORIZONTAL,DblSpd,Not Short,NoSpin,1.2,38.1933,28.18,29.38,0.0118437,-0.277618,0.485627,-3.80634,-0.00194989,-0.434508,-0.288907,0.0027808,-0.595272,-0.0751737,-3,0,0.0726662,-0.575416,0,0.0314242,-0.0344161,-0.00252025,0.728122,0.022628,-0.0347491,0.000103377,0,0,0,0
SIM,nr,CIRCLE_HORIZONTAL,DblSpd,Not Short,NoSpin,1.2,38.3013,28.287,29.487,0.0128067,-0.320605,0.448356,-3.80689,-0.00250908,-0.402893,-0.341051,0.00507454,-0.584324,-0.136253,-3,0,0.131708,-0.564834,0,0.0353977,-0.0305658,-0.0011633,0.728164,0.0252269,-0.0341319,0.000712879,0,0,0,0
SIM,nr,CIRCLE_HORIZONTAL,DblSpd,Not Short,NoSpin,1.2,38.3708,28.3694,29.5694,0.0203197,-0.343566,0.424327,-3.80706,-0.00282244,-0.383225,-0.368692,0.00610311,-0.571629,-0.18232,-3,0,0.176238,-0.552562,0,0.0368733,-0.0324984,-0.00177552,0.728218,0.0304548,-0.0332285,0.00126946,0,0,0,0
SIM,nr,CIRCLE_HORIZONTAL,DblSpd,Not Short,NoSpin,1.2,38.4882,28.4868,29.6868,0.0209737,-0.388539,0.368522,-3.80727,-0.00334242,-0.337993,-0.421217,0.00803058,-0.547313,-0.245864,-3,0,0.237662,-0.529056,0,0.0436429,-0.0307528,-0.000215465,0.728315,0.0352036,-0.0325384,0.00193056,0,0,0,0
SIM,nr,CIRCLE_HORIZONTAL,DblSpd,Not Short,NoSpin,1.2,38.5811,28.5797,29.7797,0.0125134,-0.408119,0.340184,-3.80721,-0.00361064,-0.315524,-0.442919,0.00902885,-0.523054,-0.293963,-3,0,0.284157,-0.505607,0,0.0472815,-0.0305866,-0.000178045,0.728403,0.039153,-0.031918,0.00250165,0,0,0,0
SIM,nr,CIRCLE_HORIZONTAL,DblSpd,Not Short,NoSpin,1.2,38.7028,28.6888,29.8888,0.0125627,-0.441893,0.284276,-3.80701,-0.00399008,-0.271146,-0.477275,0.0103483,-0.489207,-0.347386,-3,0,0.335798,-0.472889,0,0.0498695,-0.0263716,0.00143732,0.728521,0.0420792,-0.0313784,0.00308435,0,0,0,0
SIM,nr,CIRCLE_HORIZONTAL,DblSpd,Not Short,NoSpin,1.2,38.7794,28.7779,29.9779,0.0117646,-0.461681,0.244844,-3.80692,-0.00420102,-0.239801,-0.496216,0.0105058,-0.457495,-0.388199,-3,0,0.37525,-0.442235,0,0.0509206,-0.0301446,0.00288507,0.728601,0.0423283,-0.0318387,0.00343256,0,0,0,0
SIM,nr,CIRCLE_HORIZONTAL,DblSpd,Not Short,NoSpin,1.2,38.8913,28.8898,30.0898,0.0128907,-0.485804,0.18682,-3.80661,-0.00447974,-0.193261,-0.517841,0.0104093,-0.41291,-0.435322,-3,0,0.420802,-0.399137,0,0.0508563,-0.0282894,0.00272807,0.728657,0.0428374,-0.0316841,0.00383236,0,0,0,0
SIM,nr,CIRCLE_HORIZONTAL,DblSpd,Not Short,NoSpin,1.2,38.9881,28.9866,30.1866,0.0208204,-0.501769,0.139555,-3.80647,-0.00465286,-0.155191,-0.530335,0.0103475,-0.370425,-0.472002,-3,0,0.456257,-0.358069,0,0.051497,-0.0290539,0.00171658,0.728702,0.0437491,-0.0309373,0.00415984,0,0,0,0
SIM,nr,CIRCLE_HORIZONTAL,DblSpd,Not Short,NoSpin,1.2,39.0981,29.0761,30.2761,0.0204006,-0.518115,0.0739218,-3.80609,-0.00480862,-0.100231,-0.541048,0.0104625,-0.328251,-0.502247,-3,0,0.485494,-0.317301,0,0.0503144,-0.0283769,0.00318519,0.728746,0.0445064,-0.0296066,0.00440878,0,0,0,0
SIM,nr,CIRCLE_HORIZONTAL,DblSpd,Not Short,NoSpin,1.2,39.2009,29.1848,30.3848,0.0146029,-0.526418,0.0212828,-3.80554,-0.00489869,-0.053986,-0.544216,0.0107041,-0.27379,-0.53389,-3,0,0.516082,-0.264658,0,0.0531519,-0.0237123,0.00328332,0.728824,0.0453045,-0.0266847,0.00464304,0,0,0,0
SIM,nr,CIRCLE_HORIZONTAL,DblSpd,Not Short,NoSpin,1.2,39.3065,29.2893,30.4893,0.0157409,-0.530135,-0.0266139,-3.80523,-0.00493996,-0.00987646,-0.542683,0.0104957,-0.218574,-0.558771,-3,0,0.540133,-0.211283,0,0.0523527,-0.0185947,0.00459401,0.728897,0.046232,-0.0200942,0.00472214,0,0,0,0
SIM,nr,CIRCLE_HORIZONTAL,DblSpd,Not Short,NoSpin,1.2,39.3859,29.3845,30.5845,0.0127007,-0.529269,-0.0862223,-3.80566,-0.00492969,0.0472599,-0.534386,0.010237,-0.1663,-0.576493,-3,0,0.557263,-0.160753,0,0.0511505,-0.0123239,0.00341987,0.728906,0.0455986,-0.0147794,0.00468423,0,0,0,0
SIM,nr,CIRCLE_HORIZONTAL,DblSpd,Not Short,NoSpin,1.2,39.4877,29.4863,30.6863,0.0111648,-0.523391,-0.135578,-3.80632,-0.00488997,0.0969827,-0.522107,0.0100565,-0.108861,-0.590042,-3,0,0.57036,-0.105229,0,0.0484722,-0.00632947,0.00435295,0.728868,0.044063,-0.00890077,0.00454536,0,0,0,0
SIM,nr,CIRCLE_HORIZONTAL,DblSpd,Not Short,NoSpin,1.2,39.5807,29.5793,30.7793,0.0118342,-0.513272,-0.179404,-3.80718,-0.0048062,0.142644,-0.507223,0.00991104,-0.055438,-0.597433,-3,0,0.577505,-0.0535888,0,0.0472471,-0.000342,0.00451632,0.728808,0.0424213,-0.00256536,0.00429716,0,0,0,0
SIM,nr,CIRCLE_HORIZONTAL,DblSpd,Not Short,NoSpin,1.2,39.6985,29.6849,30.8849,0.0120386,-0.497442,-0.22545,-3.80773,-0.00467589,0.192278,-0.487066,0.00990824,0.00576515,-0.599972,-3,0,0.57996,0.00557285,0,0.0460718,0.00613354,0.00420498,0.728739,0.0403311,0.00610019,0.00385888,0,0,0,0
SIM,nr,CIRCLE_HORIZONTAL,DblSpd,Not Short,NoSpin,1.2,39.7986,29.7855,30.9855,0.0116146,-0.477073,-0.269825,-3.80784,-0.00457871,0.240615,-0.46355,0.0100328,0.0639674,-0.59658,-3,0,0.576681,0.0618337,0,0.0396653,0.012305,0.00401158,0.728708,0.0389258,0.0129948,0.00344509,0,0,0,0
SIM,nr,CIRCLE_HORIZONTAL,DblSpd,Not Short,NoSpin,1.2,39.8963,29.8835,31.0835,0.0113922,-0.450505,-0.315219,-3.80731,-0.00442728,0.290077,-0.434256,0.0107222,0.120098,-0.587858,-3,0,0.568249,0.116092,0,0.0350583,0.0218498,0.00484762,0.728725,0.0383028,0.0190125,0.00302156,0,0,0,0
SIM,nr,CIRCLE_HORIZONTAL,DblSpd,Not Short,NoSpin,1.2,39.9939,29.9806,31.1806,0.0118582,-0.424732,-0.350569,-3.80605,-0.00431099,0.329252,-0.406287,0.0118679,0.174654,-0.574017,-3,0,0.55487,0.168829,0,0.0345255,0.027489,0.00370856,0.728841,0.0379784,0.0228123,0.00266318,0,0,0,0
