time,x,y,z,yaw,platform,controller,trajectory,traj_double,lookahead_time,traj_time,comp_time,vx,vy,vz,x_ref,y_ref,z_ref,yaw_ref,vx_ref,vy_ref,vz_ref,p,q,r,throttle_input,p_input,q_input,r_input
10.008350372314453,0.0035144738,-0.0018318904,-2.867018,-0.0003857516706536104,SIM,ff_f8_pfb,F8_CONTRACTION,NormSpd,0.0,1.1920928955078125e-06,0.02173137664794922,0.003967878,0.012430019,-0.06723196,2.232235799199192e-13,2.232235799199192e-13,-3.0,0.0,3.7450703871400037e-07,3.7450703871400037e-07,0.0,-0.002768866,-0.00012038636,0.00033586897,0.7378013835355427,1.780775455108342e-14,-1.8192525114637708e-14,1.326420221818605e-16
10.108269214630127,0.003578971,0.0020925612,-2.8725195,-0.00038056092991072845,nan,nan,nan,nan,nan,0.09994864463806152,0.0011038780212402344,0.005243782,0.010052241,-0.07056834,0.001569183194078505,0.0015691827284172177,-3.0,0.0,0.03139978274703026,0.03139975294470787,0.0,-0.0027610552,0.0010782792,-0.00019574334,0.7378054981853546,0.00012271333576630624,-0.00012648691235460352,8.785905794310916e-07
10.208247184753418,0.0042760456,0.005334598,-2.879782,-0.0003593686484156521,nan,nan,nan,nan,nan,0.1998906135559082,0.0009491443634033203,0.0070000305,0.00640564,-0.087257735,0.00627630390226841,0.006276273168623447,-3.0,0.0,0.0627971813082695,0.06279624998569489,0.0,-0.0013423488,0.00051311945,-0.00075541553,0.7378168615633045,0.00048566100108348017,-0.0005056715124904296,3.1763402081202293e-06
10.30816912651062,0.005232796,0.0067709596,-2.8885572,-0.0003521097544070313,nan,nan,nan,nan,nan,0.2998168468475342,0.0008757114410400391,0.008808923,0.0019385474,-0.106289946,0.014119792729616165,0.014119441621005535,-3.0,0.0,0.094187892973423,0.09418085217475891,0.0,-0.00023544408,-0.00024985307,0.0011550947,0.7378337323653867,0.0010962371584007057,-0.0011454913909792943,6.785683268647515e-06
10.40845537185669,0.006663637,0.0070933052,-2.9011934,-0.00033384530129245446,nan,nan,nan,nan,nan,0.4001607894897461,0.0011394023895263672,0.010592215,-0.0029901147,-0.12776151,0.025152288377285004,0.025150299072265625,-3.0,0.0,0.12570427358150482,0.12567445635795593,0.0,0.00024669137,0.00059867016,-0.0002907615,0.7378532655774596,0.0019767112455761934,-0.00206704861363752,1.11489818988657e-05
10.508909225463867,0.007585043,0.006447039,-2.9151683,-0.00032318409938785376,nan,nan,nan,nan,nan,0.5007681846618652,0.0010433197021484375,0.011739577,-0.0077323113,-0.14771171,0.03938812017440796,0.039380479604005814,-3.0,0.0,0.15729045867919922,0.1571989357471466,0.0,0.0029087549,-0.0023336187,5.837521e-05,0.7378731081623253,0.0031571087648572553,-0.003304571575490131,1.664685134313179e-05
10.608463525772095,0.008207024,0.004180025,-2.9325106,-0.0003587712408112185,nan,nan,nan,nan,nan,0.600193977355957,0.0015621185302734375,0.012900257,-0.01322251,-0.16938357,0.056577689945697784,0.05655504763126373,-3.0,0.0,0.18848103284835815,0.188254714012146,0.0,0.0031981051,-0.0020702872,-0.0006011269,0.7378883987008482,0.004637275633105596,-0.004850177610689111,2.8084567914651894e-05
10.710917472839355,0.008236426,0.00073493784,-2.9505935,-0.00044935536634541936,nan,nan,nan,nan,nan,0.7029874324798584,0.002251148223876953,0.013543455,-0.01850839,-0.1890342,0.0776078999042511,0.07754945009946823,-3.0,0.0,0.22068367898464203,0.22018492221832275,0.0,0.0050529446,-0.004115294,-0.0009563777,0.7378985003331441,0.006524727169348527,-0.006844459221407977,5.1717668582187293e-05
10.812963962554932,0.008381277,-0.00383309,-2.9730246,-0.0005594293841123643,nan,nan,nan,nan,nan,0.8047316074371338,0.001377105712890625,0.014433811,-0.023712117,-0.21065514,0.10167980939149857,0.10154832154512405,-3.0,0.0,0.2524869441986084,0.2515069842338562,0.0,0.00758886,-0.007626209,-0.00051102374,0.73789423847852,0.008740138291880407,-0.009219371714700407,9.022389469634841e-05
10.909219026565552,0.008531465,-0.008466866,-2.9965315,-0.0006443296220541832,nan,nan,nan,nan,nan,0.9010963439941406,0.001718759536743164,0.016050851,-0.027737712,-0.23106767,0.12745824456214905,0.12719914317131042,-3.0,0.0,0.2825123071670532,0.2807883024215698,0.0,0.011706296,-0.01066573,-0.0008525482,0.7378742193841159,0.011138789592083465,-0.011837634408993917,0.00013776731481918522
11.008183240890503,0.008507967,-0.013790608,-3.024694,-0.0007307611797624218,nan,nan,nan,nan,nan,0.9998481273651123,0.0010595321655273438,0.018565929,-0.031134682,-0.2532337,0.15687063336372375,0.1563873440027237,-3.0,0.0,0.31314384937286377,0.31024667620658875,0.0,0.013212758,-0.012814531,-0.0003641693,0.7378291458093543,0.013830105554320338,-0.014912784233429831,0.00020530599339726134
11.108696699142456,0.008845344,-0.01888604,-3.053195,-0.0008024656159547642,nan,nan,nan,nan,nan,1.1005003452301025,0.0016908645629882812,0.022165691,-0.03310009,-0.27379477,0.189952552318573,0.18909388780593872,-3.0,0.0,0.3441694974899292,0.3394950330257416,0.0,0.016470557,-0.01468234,-0.0006729928,0.7377614274216197,0.016764151141752226,-0.018468475087956897,0.0002912708153724149
11.208117723464966,0.009735381,-0.02472904,-3.0861647,-0.0008784338866702061,nan,nan,nan,nan,nan,1.1997463703155518,0.0009546279907226562,0.027549608,-0.03357197,-0.29594606,0.22561778128147125,0.22417758405208588,-3.0,0.0,0.37450549006462097,0.36731839179992676,0.0,0.019954244,-0.018409252,-0.0003988152,0.7376563299083192,0.019676297831964024,-0.02226361122454378,0.0004080683408743301
11.308105945587158,0.01147726,-0.03022082,-3.1182132,-0.0009264088931679169,nan,nan,nan,nan,nan,1.2997462749481201,0.0009248256683349609,0.034443844,-0.032626048,-0.315988,0.2645830810070038,0.2622576057910919,-3.0,0.0,0.40473848581314087,0.3940350115299225,0.0,0.021770302,-0.022875283,-6.4324406e-05,0.7375235092576474,0.022605184593013507,-0.026434758889317997,0.0005431979074227509
11.408097982406616,0.015352427,-0.03573612,-3.1545696,-0.0009612045641994435,nan,nan,nan,nan,nan,1.3997321128845215,0.000990152359008789,0.04514742,-0.028990345,-0.33744895,0.3065451383590698,0.3029229938983917,-3.0,0.0,0.43454283475875854,0.41907769441604614,0.0,0.023980983,-0.026819004,-0.00025544793,0.7373424010915768,0.025219959194116428,-0.030481368375026786,0.0007077420440380791
11.508114099502563,0.021097226,-0.0399758,-3.1895251,-0.0010004408907984003,nan,nan,nan,nan,nan,1.4997501373291016,0.0009894371032714844,0.05793346,-0.022938177,-0.35647154,0.35147666931152344,0.3460066020488739,-3.0,0.0,0.4638276994228363,0.4420577883720398,0.0,0.027466025,-0.033162832,-0.0018148317,0.7371294017362814,0.02746433135391553,-0.03458515123155018,0.0009001156500831174
11.608193159103394,0.029518262,-0.043337233,-3.2289915,-0.0010258062080757187,nan,nan,nan,nan,nan,1.5998895168304443,0.0010013580322265625,0.07565679,-0.013280949,-0.37662655,0.39936554431915283,0.3913225531578064,-3.0,0.0,0.49249765276908875,0.4625379741191864,0.0,0.029421942,-0.036693342,-0.0004637301,0.7368571556150001,0.0288454055608364,-0.038185577594779786,0.0011214682079572
11.708077907562256,0.03985967,-0.044889737,-3.2668946,-0.0010679335966441439,nan,nan,nan,nan,nan,1.6997997760772705,0.0011014938354492188,0.09619737,-0.0010385303,-0.3943338,0.44996798038482666,0.43843191862106323,-3.0,0.0,0.5203171968460083,0.4799472391605377,0.0,0.02896348,-0.0394377,0.0004861331,0.7365502895225162,0.02933087950297925,-0.04165065184785246,0.0013742998124162556
11.80812692642212,0.05446014,-0.044310354,-3.309388,-0.0010745178739736492,nan,nan,nan,nan,nan,1.799773931503296,0.0010759830474853516,0.12292738,0.015703209,-0.41243604,0.503339409828186,0.4871384799480438,-3.0,0.0,0.5472167134284973,0.49379149079322815,0.0,0.03139218,-0.04210058,0.0006153582,0.7361757349988238,0.02830723540759566,-0.044235000557124086,0.001628516997754302
11.908461570739746,0.070896655,-0.04138672,-3.3497994,-0.0010396968638381847,nan,nan,nan,nan,nan,1.9001991748809814,0.0012848377227783203,0.15117544,0.03461145,-0.428263,0.5596045851707458,0.53725266456604,-3.0,0.0,0.5731209516525269,0.5034931898117065,0.0,0.027021486,-0.046676602,0.0003995051,0.735768254244697,0.02613053308162425,-0.04652356063116617,0.0018455439048238329
12.008862972259521,0.09219712,-0.03517725,-3.3952162,-0.0009915528878396366,nan,nan,nan,nan,nan,2.0005922317504883,0.0013630390167236328,0.18630847,0.058166098,-0.44423586,0.6183879375457764,0.5880863070487976,-3.0,0.0,0.597707211971283,0.5083333849906921,0.0,0.025146045,-0.04682468,0.0007930463,0.7352862923765184,0.022208037725654477,-0.047401390548054416,0.002016857495900797
12.108229637145996,0.113257185,-0.026842609,-3.434627,-0.0008630901910737336,nan,nan,nan,nan,nan,2.0998764038085938,0.0009527206420898438,0.2194429,0.08069095,-0.45626903,0.6788768768310547,0.6385707855224609,-3.0,0.0,0.6205283403396606,0.507677435874939,0.0,0.020885924,-0.047744736,0.0011649475,0.734807672499248,0.01693369858604015,-0.048548228230732786,0.0021008836193372707
12.208797693252563,0.1428699,-0.013232816,-3.4822152,-0.0006626977310110211,nan,nan,nan,nan,nan,2.2005889415740967,0.0015387535095214844,0.263559,0.10966827,-0.4690766,0.7424654364585876,0.6894087791442871,-3.0,0.0,0.641932487487793,0.5007843971252441,0.0,0.011581678,-0.048309647,0.0008496068,0.7342317615284395,0.009430201712954459,-0.04720163427462346,0.0020188197265422485
12.308259963989258,0.17517169,0.0026137661,-3.5271766,-0.0004521672871919957,nan,nan,nan,nan,nan,2.299900770187378,0.0010271072387695312,0.3090936,0.13783671,-0.47986838,0.8071846961975098,0.7385246753692627,-3.0,0.0,0.6610755324363708,0.4871523082256317,0.0,0.0045215087,-0.04486194,0.0010763158,0.7336480995244312,0.0003863732199941786,-0.04513391387213387,0.0018466206305014928
12.408703327178955,0.21584786,0.023364365,-3.576841,-0.00016684538239445518,nan,nan,nan,nan,nan,2.4004993438720703,0.001641988754272461,0.36249226,0.16906242,-0.49001542,0.8745701909065247,0.7865210175514221,-3.0,0.0,0.6782146096229553,0.4657287895679474,0.0,-0.005619576,-0.04366396,0.0014875825,0.7329989621311173,-0.010419093317703753,-0.0408375145784433,0.0014628996267863788
12.508131265640259,0.25889027,0.045115974,-3.6236637,5.8731345532895066e-05,nan,nan,nan,nan,nan,2.4998362064361572,0.0009713172912597656,0.4158245,0.19711496,-0.49768654,0.9426800012588501,0.8313981294631958,-3.0,0.0,0.6926377415657043,0.4363992512226105,0.0,-0.016193455,-0.036866408,0.0018454457,0.7323625327653731,-0.02185000314359123,-0.0361165355379252,0.0010541150556649833
12.608503341674805,0.30740497,0.06894396,-3.6709614,0.00017615718050627456,nan,nan,nan,nan,nan,2.6001784801483154,0.0010709762573242188,0.4721911,0.22269064,-0.5039362,1.012795329093933,0.8733334541320801,-3.0,0.0,0.7043871879577637,0.3979160785675049,0.0,-0.029270887,-0.03260534,0.0015346691,0.731716703744441,-0.0340154857482107,-0.030064524186363503,0.0006738042989339479
12.70871353149414,0.365866,0.09682007,-3.7229388,0.0001900141147287964,nan,nan,nan,nan,nan,2.7005128860473633,0.0017354488372802734,0.53601927,0.24624336,-0.50957936,1.0839288234710693,0.9109353423118591,-3.0,0.0,0.7129891514778137,0.35000306367874146,0.0,-0.04438871,-0.023044275,0.0013386589,0.7310316150435506,-0.04603334691206449,-0.021741578479951753,0.0003275008974987757
12.8082857131958,0.43063155,0.12609275,-3.7758358,-3.495736972144135e-05,nan,nan,nan,nan,nan,2.7999415397644043,0.0009868144989013672,0.60136074,0.26411274,-0.51398563,1.1551034450531006,0.9429734349250793,-3.0,0.0,0.7180875539779663,0.2927998900413513,0.0,-0.058656327,-0.014586104,0.00042679906,0.7303527313182364,-0.057064707638720326,-0.012296394048636678,0.00028217711834411423
12.90817403793335,0.49642247,0.15392642,-3.8251135,-0.00035490645759525454,nan,nan,nan,nan,nan,2.899819850921631,0.0009799003601074219,0.662298,0.2746539,-0.51672065,1.226925253868103,0.968932032585144,-3.0,0.0,0.7194424867630005,0.2253163456916809,0.0,-0.06701694,-0.0040659886,2.7678994e-05,0.7297360208968968,-0.0673471540863208,-0.0030503551262358866,0.00047428596777664356
13.008113622665405,0.5742617,0.18380111,-3.879048,-0.0008640000651623163,nan,nan,nan,nan,nan,2.9997570514678955,0.0009694099426269531,0.7276185,0.27806854,-0.5184062,1.2987220287322998,0.9876524806022644,-3.0,0.0,0.7166777849197388,0.14763718843460083,0.0,-0.07817178,0.006435204,0.00018193189,0.7290985335149275,-0.07527350155113102,0.00825691403379024,0.001042586566198316
13.108811140060425,0.6514047,0.20997271,-3.9293063,-0.0015455648456642209,nan,nan,nan,nan,nan,3.100590229034424,0.0016379356384277344,0.7860883,0.27262685,-0.5187656,1.3706575632095337,0.9981591701507568,-3.0,0.0,0.7093573808670044,0.05907686799764633,0.0,-0.08920628,0.017474655,-0.00017892433,0.7285358287587378,-0.08137673286542174,0.01887061258124559,0.0020546025959928436
13.208173513412476,0.74019074,0.23561028,-3.9838274,-0.0024938921372820878,nan,nan,nan,nan,nan,3.1998205184936523,0.0009958744049072266,0.8463415,0.2567675,-0.517666,1.440492868423462,0.999296247959137,-3.0,0.0,0.6973625421524048,-0.03770693019032478,0.0,-0.08866893,0.031000417,0.0021201146,0.727951387924985,-0.08328301582661006,0.031115911773090248,0.003698862274281289
13.308521032333374,0.82696664,0.25636634,-4.0342274,-0.003572717545530353,nan,nan,nan,nan,nan,3.3003408908843994,0.0011370182037353516,0.8980726,0.23300584,-0.515525,1.5097655057907104,0.9901944398880005,-3.0,0.0,0.680016815662384,-0.1448412835597992,0.0,-0.092400156,0.04128785,0.0019036611,0.7274380218742977,-0.08258053939526881,0.042395058251120714,0.0057749207575702255
13.408251285552979,0.9261375,0.27521288,-4.088898,-0.0048213034053606295,nan,nan,nan,nan,nan,3.399918556213379,0.001032114028930664,0.94931877,0.19752356,-0.51212794,1.5763976573944092,0.9701476693153381,-3.0,0.0,0.6573405861854553,-0.2590339481830597,0.0,-0.088185996,0.054827493,0.0020057517,0.7268751808744439,-0.0768936296159615,0.054791536293994005,0.008414927449634032
13.508240699768066,1.021898,0.28845152,-4.1389,-0.00596083298805726,nan,nan,nan,nan,nan,3.499908208847046,0.00095367431640625,0.99084204,0.15662739,-0.5079536,1.6407451629638672,0.9382262825965881,-3.0,0.0,0.6287427544593811,-0.3804614841938019,0.0,-0.081954286,0.0695498,0.0033556405,0.7263567027089218,-0.0681729781157353,0.0660386756083392,0.011060530697089583
13.609421014785767,1.1126761,0.29622805,-4.1841145,-0.00701493741939466,nan,nan,nan,nan,nan,3.6013429164886475,0.002540111541748047,1.0231733,0.11286936,-0.5028252,1.7027862071990967,0.8931592702865601,-3.0,0.0,0.5934486389160156,-0.5088343024253845,0.0,-0.07096302,0.076382995,0.0042186445,0.7258638146824539,-0.05578968843287965,0.0765776476333823,0.013661609974040322
13.708662748336792,1.2226905,0.29932508,-4.2366486,-0.008307546757212934,nan,nan,nan,nan,nan,3.7004127502441406,0.00131988525390625,1.052786,0.053908005,-0.4950556,1.759608268737793,0.836405873298645,-3.0,0.0,0.5525875687599182,-0.6371889710426331,0.0,-0.053208612,0.089163974,0.0061605,0.7252099441565628,-0.03709779256671399,0.08815650976422121,0.016797150462998067
13.808491706848145,1.3256364,0.29609975,-4.2845917,-0.009472651912489374,nan,nan,nan,nan,nan,3.8002820014953613,0.0013511180877685547,1.0705428,-0.0052864943,-0.48667583,1.8124628067016602,0.7662767171859741,-3.0,0.0,0.5047568678855896,-0.7670894861221313,0.0,-0.033960793,0.09955485,0.01018337,0.724535046501704,-0.014531632560777687,0.09824854820860798,0.019601226747740515
13.909198760986328,1.4369634,0.2856795,-4.3354845,-0.010603174821231146,nan,nan,nan,nan,nan,3.9011330604553223,0.0017979145050048828,1.0779455,-0.07212138,-0.47635117,1.860640287399292,0.6823869347572327,-3.0,0.0,0.44947847723960876,-0.8958860635757446,0.0,-0.0040124236,0.11097749,0.012339556,0.723726182045026,0.012750684495490534,0.10786722902921039,0.02215905839118582
14.008325338363647,1.5387967,0.26939824,-4.3812537,-0.011484537830368697,nan,nan,nan,nan,nan,4.000006914138794,0.0010502338409423828,1.0737858,-0.13413908,-0.46499193,1.9021157026290894,0.5877782106399536,-3.0,0.0,0.3883170187473297,-1.0166471004486084,0.0,0.022726903,0.119274184,0.01432498,0.722116025640745,0.16452834136161115,0.07967716342770016,0.021825386646597472
14.108330726623535,1.6472046,0.24459024,-4.429464,-0.012201131976076598,nan,nan,nan,nan,nan,4.099983215332031,0.0010900497436523438,1.0569544,-0.19814825,-0.45088288,1.9371610879898071,0.48177215456962585,-3.0,0.0,0.31252577900886536,-1.1011866331100464,0.0,0.14549704,0.08717571,0.01721141,0.7209416871406364,0.17837823587203347,0.07436356852690011,0.02205458041933162
14.208547830581665,1.7441266,0.21628532,-4.4725175,-0.012428070192229116,nan,nan,nan,nan,nan,4.2002646923065186,0.0011963844299316406,1.0318512,-0.24414249,-0.43508953,1.9646368026733398,0.3678152561187744,-3.0,0.0,0.23526501655578613,-1.1685453653335571,0.0,0.19498593,0.08034395,0.018643603,0.7199088127978728,0.1711177345914263,0.07429653198381114,0.021099510566748497
14.308286428451538,1.844669,0.18204719,-4.5173097,-0.012386049519491602,nan,nan,nan,nan,nan,4.299959182739258,0.0014455318450927734,0.99590105,-0.27365747,-0.41573292,1.9842230081558228,0.2487395703792572,-3.0,0.0,0.15753036737442017,-1.2171415090560913,0.0,0.1891698,0.07967314,0.02098722,0.7189567459733122,0.15689730290261533,0.07556382465388313,0.019549627128286045
14.408257484436035,1.9319935,0.1496857,-4.5565386,-0.01214089573412232,nan,nan,nan,nan,nan,4.399910926818848,0.0010120868682861328,0.9541782,-0.28206465,-0.39550188,1.9960464239120483,0.12544427812099457,-3.0,0.0,0.07897508144378662,-1.2467104196548462,0.0,0.17625313,0.076847985,0.021084473,0.718205371100763,0.14452229103851932,0.07610578691493393,0.01784860519910756
14.508217811584473,2.02002,0.11615905,-4.5961547,-0.011809034658358798,nan,nan,nan,nan,nan,4.499879837036133,0.0010199546813964844,0.9002429,-0.2722544,-0.3713382,2.0,0.00015100123709999025,-3.0,0.0,9.487687202636153e-05,-1.2566370964050293,0.0,0.15972976,0.07902152,0.020659113,0.7175889979926855,0.12926374987057118,0.07662737832455191,0.016001200303212892
14.60839056968689,2.094835,0.089249074,-4.63039,-0.01136314491768901,nan,nan,nan,nan,nan,4.600094556808472,0.001127481460571289,0.8435694,-0.24627489,-0.34680068,1.9960459470748901,-0.12545111775398254,-3.0,0.0,-0.07897940278053284,-1.2467093467712402,0.0,0.14105572,0.078510866,0.021405865,0.71719254671648,0.11509516162490714,0.07666819500735031,0.014215167927652095
14.70826244354248,2.1630347,0.06744576,-4.662534,-0.010812616765623853,nan,nan,nan,nan,nan,4.699921131134033,0.0010650157928466797,0.7800613,-0.20637983,-0.32074252,1.9842418432235718,-0.24859389662742615,-3.0,0.0,-0.15743660926818848,-1.2171884775161743,0.0,0.12237613,0.07594234,0.018827865,0.7169654823304886,0.09986053345421679,0.0764348185522069,0.012425784995310704
14.808346509933472,2.2291644,0.05102362,-4.694618,-0.010172863900841649,nan,nan,nan,nan,nan,4.8000242710113525,0.0010025501251220703,0.7046531,-0.14984581,-0.29112837,1.9645687341690063,-0.368152916431427,-3.0,0.0,-0.2354891300201416,-1.1683775186538696,0.0,0.10104646,0.07391713,0.016547177,0.7168669496544743,0.08142532199213302,0.07629805919995823,0.010564628732410956
14.908156156539917,2.28662,0.043589722,-4.7236886,-0.009697303365773142,nan,nan,nan,nan,nan,4.8998425006866455,0.0010030269622802734,0.62245554,-0.08134704,-0.26008227,1.9372155666351318,-0.4815802276134491,-3.0,0.0,-0.3123924732208252,-1.1013191938400269,0.0,0.08063822,0.072362415,0.014164242,0.7169126494978609,0.06166491855606049,0.07557724640921315,0.00916049624068319
15.008426904678345,2.3318923,0.045064654,-4.7476535,-0.009354293030217141,nan,nan,nan,nan,nan,5.000284671783447,0.0013065338134765625,0.5407501,-0.00981153,-0.23123285,1.9020024538040161,-0.5880746245384216,-3.0,0.0,-0.3885359764099121,-1.0163764953613281,0.0,0.05907678,0.07141708,0.013158179,0.7171059070039247,0.04171924276500032,0.07468450621007576,0.008185815688899643
15.108381986618042,2.3716645,0.056213465,-4.7700086,-0.009129581319602946,nan,nan,nan,nan,nan,5.1001036167144775,0.0012485980987548828,0.4461747,0.07394194,-0.19875927,1.8595050573349,-0.6846420168876648,-3.0,0.0,-0.4626750349998474,-0.9159370064735413,0.0,0.0347666,0.0702818,0.011914129,0.7173572884078361,0.01977043843391462,0.07305831320330325,0.0075940842582834294
15.209374904632568,2.3971655,0.073538624,-4.7856755,-0.009122399488719207,nan,nan,nan,nan,nan,5.201274633407593,0.002155303955078125,0.3612907,0.14834575,-0.1710273,1.8089715242385864,-0.7715332508087158,-3.0,0.0,-0.5359604954719543,-0.7994586825370789,0.0,0.014736695,0.06698745,0.011010973,0.7177095059156504,-0.0014998247746039828,0.07223640086313134,0.007471065431456946
15.308977127075195,2.4173377,0.10312987,-4.8002467,-0.009221100760718463,nan,nan,nan,nan,nan,5.300826549530029,0.0015749931335449219,0.25619823,0.23717959,-0.1378192,1.7521127462387085,-0.8448840379714966,-3.0,0.0,-0.6059613227844238,-0.6722373962402344,0.0,-0.012177755,0.064229846,0.009268843,0.7180313351772711,-0.02462695163399769,0.06960523123390897,0.007799334199951652
15.408942222595215,2.4257283,0.13843635,-4.8097506,-0.00919829981561869,nan,nan,nan,nan,nan,5.400769233703613,0.0014913082122802734,0.15385525,0.31742674,-0.10718206,1.6881376504898071,-0.9052382111549377,-3.0,0.0,-0.6738525629043579,-0.533950686454773,0.0,-0.036110908,0.059603337,0.009302236,0.7183527648056263,-0.04669427105733527,0.06687378696729608,0.008124468484905025
15.508208513259888,2.423425,0.18446541,-4.8160095,-0.008888587278868126,nan,nan,nan,nan,nan,5.4998695850372314,0.0010895729064941406,0.03810635,0.3994259,-0.07449962,1.6181303262710571,-0.9510058760643005,-3.0,0.0,-0.7385494112968445,-0.3885180652141571,0.0,-0.061272126,0.055895712,0.008845839,0.7186131089268158,-0.06779986726448753,0.06278725355656184,0.008294643793298997
15.608060598373413,2.4107442,0.23308216,-4.8190336,-0.008190692252143444,nan,nan,nan,nan,nan,5.599693059921265,0.0009505748748779297,-0.07293066,0.46782318,-0.045289256,1.5412722826004028,-0.9822149276733398,-3.0,0.0,-0.8008238673210144,-0.2359464019536972,0.0,-0.084085874,0.05182559,0.008326193,0.7187931376597888,-0.0878302345755429,0.058963254865475025,0.007936398788372058
15.708050727844238,2.3853667,0.29125193,-4.819356,-0.006781372227586249,nan,nan,nan,nan,nan,5.699677228927612,0.0008759498596191406,-0.19693394,0.53167915,-0.013621868,1.4582148790359497,-0.9980011582374573,-3.0,0.0,-0.8600414395332336,-0.07941357791423798,0.0,-0.105297394,0.04478309,0.0066276193,0.7188655997507359,-0.10573521430280272,0.053602271720031264,0.006728517580543702
15.808756828308105,2.3509412,0.34910002,-4.81683,-0.004979802509089162,nan,nan,nan,nan,nan,5.800571918487549,0.0018734931945800781,-0.3149262,0.5791483,0.015017703,1.3685702085494995,-0.9979813694953918,-3.0,0.0,-0.9163580536842346,0.07980623096227646,0.0,-0.121475995,0.03959081,0.006717473,0.7188223806250739,-0.12284226238194347,0.04909992334885778,0.004846189834461317
15.908054113388062,2.3010206,0.41479918,-4.8111973,-0.0025617182241732574,nan,nan,nan,nan,nan,5.899697303771973,0.0010154247283935547,-0.4458072,0.6158877,0.045956116,1.2751410007476807,-0.982358455657959,-3.0,0.0,-0.9681031107902527,0.23500075936317444,0.0,-0.13939653,0.034606718,0.0077760443,0.7186720798823021,-0.13676556009360774,0.042145223808658386,0.002173057333327681
16.008378267288208,2.2433276,0.4767789,-4.8032284,-1.2303342169749099e-05,nan,nan,nan,nan,nan,6.00003457069397,0.0011279582977294922,-0.5685346,0.63531536,0.07467825,1.1755353212356567,-0.9510430693626404,-3.0,0.0,-1.016656756401062,0.38837411999702454,0.0,-0.15268074,0.027280675,0.005912639,0.7184090969366047,-0.14943734617194093,0.03621798234715407,-0.0008782131382318808
16.10884952545166,2.168975,0.54339504,-4.791585,0.002791696620063864,nan,nan,nan,nan,nan,6.100618600845337,0.0015578269958496094,-0.7017443,0.6387154,0.1061607,1.0709971189498901,-0.9044957756996155,-3.0,0.0,-1.0612753629684448,0.5359337329864502,0.0,-0.16637175,0.021005303,0.005747126,0.7180717684404471,-0.15854934901009624,0.02814306078602617,-0.004376727603949429
16.208119869232178,2.088961,0.6024627,-4.777959,0.005650475347334949,nan,nan,nan,nan,nan,6.199747323989868,0.0008628368377685547,-0.8246767,0.6245411,0.13611987,0.9637855887413025,-0.8444980382919312,-3.0,0.0,-1.1011033058166504,0.6730028986930847,0.0,-0.17415136,0.011104363,0.0023877,0.717674549506852,-0.16594108831842794,0.021474624691701073,-0.008216948114336068
16.30802893638611,1.9895493,0.6622439,-4.760076,0.008903287150371426,nan,nan,nan,nan,nan,6.299673557281494,0.0009045600891113281,-0.9573033,0.5898591,0.16959506,0.8519297242164612,-0.7707746624946594,-3.0,0.0,-1.1369293928146362,0.8006133437156677,0.0,-0.1772418,0.0036267028,-0.00025587648,0.7172693362847081,-0.16877119748295127,0.012657781028541043,-0.012887863538678096
16.408045291900635,1.8858656,0.71176714,-4.7406683,0.011861301258243737,nan,nan,nan,nan,nan,6.399675607681274,0.0009703636169433594,-1.0782146,0.54015434,0.20165221,0.7366281151771545,-0.6848441958427429,-3.0,0.0,-1.168297290802002,0.915698230266571,0.0,-0.17944059,-0.0036089602,-0.0039310236,0.7168601567702002,-0.17056368645317604,0.005332025743976726,-0.01739491302603838
16.508626222610474,1.7710377,0.75406885,-4.717814,0.014825047417024239,nan,nan,nan,nan,nan,6.50040078163147,0.001268148422241211,-1.1965046,0.47320744,0.23507845,0.6175549626350403,-0.5873777270317078,-3.0,0.0,-1.1952306032180786,1.017012596130371,0.0,-0.17439887,-0.01285351,-0.0073219547,0.7165091620206864,-0.16976862332510131,-0.002299495156216441,-0.022198988929710405
16.608124256134033,1.6341347,0.7896849,-4.6890125,0.018050514368595935,nan,nan,nan,nan,nan,6.599766969680786,0.0010075569152832031,-1.3208563,0.3815372,0.27311328,0.4976634085178375,-0.48201027512550354,-3.0,0.0,-1.2171117067337036,1.1010221242904663,0.0,-0.16851524,-0.021220075,-0.01230776,0.7163033543224209,-0.16349996040945988,-0.012452569284269945,-0.027892023020976157
16.70836853981018,1.496997,0.8114587,-4.6586947,0.021082536573256122,nan,nan,nan,nan,nan,6.700006484985352,0.0009748935699462891,-1.4311454,0.2804848,0.3094156,0.3747546374797821,-0.36811697483062744,-3.0,0.0,-1.234379529953003,1.1683954000473022,0.0,-0.16207097,-0.032613702,-0.015046265,0.71620468877583,-0.1561609354328465,-0.02051805389267877,-0.033445034791372806
16.808715343475342,1.362888,0.82112193,-4.62782,0.023811134199280888,nan,nan,nan,nan,nan,6.8004937171936035,0.0015015602111816406,-1.5271164,0.17493288,0.34347337,0.25005093216896057,-0.24808891117572784,-3.0,0.0,-1.2467769384384155,1.2173511981964111,0.0,-0.15135658,-0.038000982,-0.02044368,0.7162361014160615,-0.1478250065634278,-0.025925017721878277,-0.03847486279686971
16.90862274169922,1.1951015,0.8190737,-4.5873914,0.02660736852328007,nan,nan,nan,nan,nan,6.900323152542114,0.0011491775512695312,-1.6333851,0.035949424,0.38472655,0.12517575919628143,-0.12493033707141876,-3.0,0.0,-1.2541733980178833,1.246791958808899,0.0,-0.13505012,-0.0469148,-0.026100345,0.7165478735086904,-0.13095715858221232,-0.03612454727322133,-0.04444864713342565
17.008360147476196,1.0186144,0.8017596,-4.5423384,0.028559320022225464,nan,nan,nan,nan,nan,7.000079154968262,0.0011115074157714844,-1.730642,-0.11506888,0.4267032,-9.946906357072294e-05,9.946906357072294e-05,-3.0,0.0,-1.2566370964050293,1.2566370964050293,0.0,-0.1152028,-0.05584713,-0.031131059,0.7170837726837259,-0.11173473912289295,-0.04605871380886368,-0.049364613054547424
17.10907006263733,0.8484755,0.7711229,-4.4972067,0.029677147285981954,nan,nan,nan,nan,nan,7.10095477104187,0.0015265941619873047,-1.8121549,-0.26387244,0.4648528,-0.12677845358848572,0.1265234798192978,-3.0,0.0,-1.2541098594665527,1.2465382814407349,0.0,-0.09282403,-0.061317407,-0.037133805,0.7177877008441405,-0.092129334243502,-0.05315840006856807,-0.052707814275849724
17.20924425125122,0.657204,0.7217052,-4.4450355,0.030063644498420874,nan,nan,nan,nan,nan,7.201185941696167,0.0016739368438720703,-1.8909734,-0.43217906,0.50441927,-0.2521449327468872,0.25013309717178345,-3.0,0.0,-1.246610403060913,1.2166904211044312,0.0,-0.069456324,-0.0713462,-0.042767074,0.7187489708397536,-0.06800630706144829,-0.06271785868857291,-0.055394323426972036
17.308747053146362,0.47458276,0.66007394,-4.393725,0.029995720102321294,nan,nan,nan,nan,nan,7.300548791885376,0.0018596649169921875,-1.9550611,-0.59241855,0.53924346,-0.3754400312900543,0.3687656819820404,-3.0,0.0,-1.234297275543213,1.1680723428726196,0.0,-0.04283374,-0.078850195,-0.046637896,0.7198394087057782,-0.043371106754479666,-0.07022511464147209,-0.056989366589239324
17.40804624557495,0.27097526,0.5762016,-4.3351593,0.029480931899211152,nan,nan,nan,nan,nan,7.399675369262695,0.0008549690246582031,-2.0145466,-0.7679369,0.5735274,-0.4969846308231354,0.4813961386680603,-3.0,0.0,-1.2172212600708008,1.101446270942688,0.0,-0.012304962,-0.086522214,-0.050706495,0.7211461892125268,-0.015098362957869841,-0.07986286285015336,-0.05814001672156347
17.508134603500366,0.079129435,0.48338208,-4.278044,0.02866669350125295,nan,nan,nan,nan,nan,7.499765396118164,0.0008585453033447266,-2.0596497,-0.9287972,0.60224754,-0.6177536249160767,0.587546706199646,-3.0,0.0,-1.1951900720596313,1.016858458518982,0.0,0.017004455,-0.09315628,-0.053055555,0.7225261940709015,0.012328029574468187,-0.0865756197220589,-0.0580812011819282
17.608113050460815,-0.13247883,0.36626887,-4.213522,0.027388381878587192,nan,nan,nan,nan,nan,7.599736213684082,0.0008375644683837891,-2.0977979,-1.0990958,0.628673,-0.7359408736228943,0.6843054294586182,-3.0,0.0,-1.1684682369232178,0.9163340926170349,0.0,0.04913429,-0.10015657,-0.05619483,0.7240582401962394,0.04221634992963917,-0.09552854291270031,-0.057348559178850796
17.708128690719604,-0.33080193,0.24366385,-4.152137,0.025795250111931678,nan,nan,nan,nan,nan,7.699751853942871,0.0008294582366943359,-2.1234598,-1.2492678,0.6488446,-0.8512763977050781,0.7703144550323486,-3.0,0.0,-1.137122631072998,0.8013125061988831,0.0,0.080794975,-0.10711498,-0.05850855,0.7255605005708232,0.0708716193701708,-0.10211724025932482,-0.055372884164876054
17.808299779891968,-0.5476887,0.09627096,-4.083421,0.023655553569637174,nan,nan,nan,nan,nan,7.800069808959961,0.0014450550079345703,-2.1402965,-1.4010705,0.66552776,-0.9635842442512512,0.84437495470047,-3.0,0.0,-1.101172924041748,0.6732467412948608,0.0,0.11421611,-0.112757735,-0.057752796,0.7271371565048121,0.10044502740140493,-0.1107342041867096,-0.05232941199760198
17.908143997192383,-0.7488555,-0.05137984,-4.0186453,0.021161106099654617,nan,nan,nan,nan,nan,7.899817705154419,0.0009276866912841797,-2.145512,-1.5275939,0.6760542,-1.0714601278305054,0.9047294855117798,-3.0,0.0,-1.0610908269882202,0.5353105068206787,0.0,0.1451426,-0.1191063,-0.058460545,0.7285929613122508,0.12813904930138695,-0.11702637393660834,-0.04797719264301064
18.00809669494629,-0.9659851,-0.22226952,-3.9480522,0.018182794384767227,nan,nan,nan,nan,nan,7.999708652496338,0.0009737014770507812,-2.138729,-1.6470474,0.6816477,-1.1752742528915405,0.9509432911872864,-3.0,0.0,-1.0167759656906128,0.3887597322463989,0.0,0.1738569,-0.12741503,-0.056644697,0.7300317560753727,0.15514210614536866,-0.12480634371644411,-0.0423762667549643
18.108076810836792,-1.1643769,-0.38867247,-3.8827894,0.015433418600529415,nan,nan,nan,nan,nan,8.099695920944214,0.0009436607360839844,-2.1205614,-1.7388568,0.6820222,-1.2745535373687744,0.9822155833244324,-3.0,0.0,-0.9684085249900818,0.23594196140766144,0.0,0.19903086,-0.13133316,-0.05415208,0.7312764750752583,0.18059985305386886,-0.1296910297191204,-0.036413337593694486
18.2081356048584,-1.3759446,-0.5761602,-3.8122733,0.01260460488252195,nan,nan,nan,nan,nan,8.199757814407349,0.0009038448333740234,-2.0875,-1.8158809,0.67799133,-1.3688722848892212,0.998007595539093,-3.0,0.0,-0.916179895401001,0.07928658276796341,0.0,0.22495279,-0.13754186,-0.050732818,0.7324507980331088,0.20433668261590404,-0.13536880771129575,-0.029657963408093135
18.30812644958496,-1.5664973,-0.75329137,-3.7480507,0.010171761444293489,nan,nan,nan,nan,nan,8.29975700378418,0.0008952617645263672,-2.0434813,-1.8634909,0.6705136,-1.4577281475067139,0.9980458617210388,-3.0,0.0,-0.8603671193122864,-0.07852192223072052,0.0,0.24670383,-0.1386892,-0.04576847,0.7333893663484836,0.22583346992761105,-0.1383421853540852,-0.02303867725701817
18.40900945663452,-1.7668018,-0.9466219,-3.6797562,0.007825542709934536,nan,nan,nan,nan,nan,8.400780439376831,0.001744985580444336,-1.9817533,-1.8871567,0.65932274,-1.5416514873504639,0.9821029901504517,-3.0,0.0,-0.8005357384681702,-0.2366807758808136,0.0,0.26656556,-0.13931574,-0.03943198,0.7342296352605155,0.24416508280826138,-0.14177770682227345,-0.01585500978737534
18.508771419525146,-1.9449896,-1.1233904,-3.6177962,0.005853679349251899,nan,nan,nan,nan,nan,8.500434160232544,0.001035928726196289,-1.9118677,-1.8816738,0.6478551,-1.6183545589447021,0.9508877992630005,-3.0,0.0,-0.7383553981781006,-0.3889741897583008,0.0,0.28176153,-0.14210549,-0.033335444,0.734843230149808,0.2597095110860852,-0.14285982858688892,-0.00912011919554315
18.608962297439575,-2.1290998,-1.3101053,-3.552792,0.004013541002956679,nan,nan,nan,nan,nan,8.600772142410278,0.0018451213836669922,-1.8220522,-1.844578,0.63516045,-1.6891756057739258,0.9044135212898254,-3.0,0.0,-0.6728249788284302,-0.5361530780792236,0.0,0.29034895,-0.14228404,-0.025474954,0.7353702519553622,0.2709174199937178,-0.14373481347989228,-0.002016423437150496
18.70816707611084,-2.2895582,-1.475918,-3.4946544,0.002697209926708525,nan,nan,nan,nan,nan,8.699819087982178,0.0009891986846923828,-1.7262297,-1.7816424,0.62447405,-1.7525038719177246,0.8444496989250183,-3.0,0.0,-0.6055147051811218,-0.6730985641479492,0.0,0.2984678,-0.14053884,-0.020198045,0.7357102738329411,0.2795778204581437,-0.14251014794486658,0.004032517244018976
18.808417558670044,-2.4518406,-1.6448345,-3.4330053,0.0016243076320960476,nan,nan,nan,nan,nan,8.800069093704224,0.0010044574737548828,-1.6093457,-1.6811414,0.6152932,-1.809691071510315,0.770457923412323,-3.0,0.0,-0.5350006818771362,-0.801094651222229,0.0,0.30094162,-0.13607174,-0.012752898,0.7360220757457516,0.28297559449192033,-0.14070645185395894,0.010027169631381215
18.908522844314575,-2.58996,-1.7878313,-3.3768384,0.001039759830446331,nan,nan,nan,nan,nan,8.900168180465698,0.0010008811950683594,-1.4900607,-1.5590149,0.61046994,-1.8596307039260864,0.684393048286438,-3.0,0.0,-0.4624754786491394,-0.9162307977676392,0.0,0.2973832,-0.13303912,-0.0055346694,0.7362260465167375,0.2843201615354039,-0.13672170024489308,0.014585359077000181
19.008331775665283,-2.7158926,-1.9156911,-3.3208425,0.0008722656094133224,nan,nan,nan,nan,nan,8.999980926513672,0.0010046958923339844,-1.3604215,-1.4090182,0.6099639,-1.9021055698394775,0.5878046154975891,-3.0,0.0,-0.38833653926849365,-1.0166230201721191,0.0,0.29009077,-0.12820293,0.00051644334,0.7364310081983465,0.2813614735026658,-0.13158467983569605,0.018092039578224653
19.108794689178467,-2.8276663,-2.0255077,-3.264516,0.0012184689751425504,nan,nan,nan,nan,nan,9.100634098052979,0.0016181468963623047,-1.2202772,-1.2319417,0.6151495,-1.9373643398284912,0.48105525970458984,-3.0,0.0,-0.3120279610157013,-1.1016814708709717,0.0,0.27978295,-0.1215215,0.0051244227,0.7366745860815138,0.27391176477888035,-0.12518315142740424,0.020237739161348765
19.20819354057312,-2.9312258,-2.1215718,-3.202426,0.0022215126168755595,nan,nan,nan,nan,nan,9.199837446212769,0.0011060237884521484,-1.0576495,-1.0105394,0.62634254,-1.964536190032959,0.3683144748210907,-3.0,0.0,-0.23559637367725372,-1.1682970523834229,0.0,0.2642662,-0.114763826,0.010609597,0.7370740843450534,0.25869142191222577,-0.11755439375439086,0.02091230023436962
19.308343172073364,-3.0102859,-2.1870785,-3.1436057,0.0035401430613875573,nan,nan,nan,nan,nan,9.30000615119934,0.0010898113250732422,-0.89891577,-0.7819499,0.6427964,-1.984230399131775,0.2486823946237564,-3.0,0.0,-0.15749356150627136,-1.2171598672866821,0.0,0.24227384,-0.105142266,0.016700318,0.7375266717649612,0.24210201571839934,-0.10849398959379451,0.019857440132407974
19.408706188201904,-3.0769544,-2.2306168,-3.078075,0.005206668791679442,nan,nan,nan,nan,nan,9.400497674942017,0.0016810894012451172,-0.71859795,-0.5102834,0.6663088,-1.996092677116394,0.1247127428650856,-3.0,0.0,-0.07851272076368332,-1.246826410293579,0.0,0.21574256,-0.09199427,0.018260513,0.738191862091536,0.2181063995857122,-0.09809414393348684,0.017420064457116875
19.508086442947388,-3.1209311,-2.2446144,-3.0152068,0.006773494309253669,nan,nan,nan,nan,nan,9.499730825424194,0.0009047985076904297,-0.546057,-0.2413398,0.6928495,-2.0,0.0003382547292858362,-3.0,0.0,-0.00021253172599244863,-1.2566369771957397,0.0,0.18645173,-0.08135117,0.019578824,0.7389596951772506,0.19323092743026166,-0.08731785354390838,0.014051092887342806
19.608156204223633,-3.148828,-2.2297065,-2.9438279,0.008208701499390458,nan,nan,nan,nan,nan,9.599815130233765,0.0010955333709716797,-0.35307497,0.06677163,0.7253709,-1.996068000793457,-0.12510274350643158,-3.0,0.0,0.07875921577215195,-1.2467646598815918,0.0,0.15004717,-0.06927122,0.019519754,0.7399808330884197,0.16165714581514848,-0.0750130025875919,0.00982462814359799
19.70830750465393,-3.1553328,-2.186999,-2.8745334,0.009144684692914545,nan,nan,nan,nan,nan,9.699956178665161,0.000993967056274414,-0.16977483,0.36246872,0.7577971,-1.9842363595962524,-0.24863654375076294,-3.0,0.0,0.15746405720710754,-1.2171746492385864,0.0,0.11464956,-0.05766511,0.018277997,0.741110136730959,0.12992986936400835,-0.06255163076312018,0.005507441587697313
19.8082537651062,-3.1410165,-2.109291,-2.7948663,0.009570097365505653,nan,nan,nan,nan,nan,9.799932718276978,0.0009982585906982422,0.033723775,0.6903459,0.79423827,-1.964590311050415,-0.3680459260940552,-3.0,0.0,0.23541812598705292,-1.1684306859970093,0.0,0.07275293,-0.042781614,0.015701527,0.7424978405284629,0.09232680390650343,-0.04793088357065546,0.0007639222032911502
19.908756256103516,-3.1070702,-2.00854,-2.7172575,0.009216281572344248,nan,nan,nan,nan,nan,9.900531768798828,0.0017580986022949219,0.22648075,0.9954524,0.82748866,-1.937000036239624,-0.48233914375305176,-3.0,0.0,0.31291958689689636,-1.1007946729660034,0.0,0.03223794,-0.026519418,0.011621728,0.7439590091642914,0.05556292523485029,-0.03339645684120746,-0.0032318822635831156
20.008179187774658,-3.0470543,-1.8681135,-2.6297927,0.007906777903637918,nan,nan,nan,nan,nan,9.999808311462402,0.0008897781372070312,0.44059357,1.324143,0.8605885,-1.902187466621399,-0.5875903367996216,-3.0,0.0,0.3881782591342926,-1.016818642616272,0.0,-0.014240558,-0.010047212,0.007711394,0.7456127066824644,0.014359362319727955,-0.016142826194253154,-0.006889235561462242
20.108758449554443,-2.9699295,-1.7110147,-2.545978,0.0058592785302207795,nan,nan,nan,nan,nan,10.100538730621338,0.0016167163848876953,0.642434,1.6205068,0.8869507,-1.859303593635559,-0.6850404739379883,-3.0,0.0,0.46299442648887634,-0.9154664278030396,0.0,-0.056749746,0.007973004,0.003493774,0.7472599454612663,-0.025113380125384194,0.0005208544763250668,-0.009238911997586044
20.20804214477539,-2.862231,-1.5127764,-2.4531174,0.002780034987624025,nan,nan,nan,nan,nan,10.199665784835815,0.0009315013885498047,0.8647072,1.928955,0.90784025,-1.8098329305648804,-0.7702454924583435,-3.0,0.0,0.53481125831604,-0.8014171719551086,0.0,-0.101314306,0.025963606,-9.145826e-05,0.7490157277685358,-0.06693642676150725,0.020092740204754954,-0.010706643302449052
20.308228254318237,-2.7410724,-1.3052404,-2.366439,-0.0005505361009816301,nan,nan,nan,nan,nan,10.299866676330566,0.0010111331939697266,1.0708277,2.197963,0.9194406,-1.752694010734558,-0.8442381620407104,-3.0,0.0,0.6052972674369812,-0.6735175848007202,0.0,-0.14220023,0.0448166,-0.004476266,0.7506577334780735,-0.1068470491883403,0.03829657654565862,-0.01087868172877134
20.40825843811035,-2.5868044,-1.0558643,-2.2722104,-0.004323791867583304,nan,nan,nan,nan,nan,10.399891376495361,0.00092315673828125,1.2927274,2.4684985,0.92163616,-1.688728928565979,-0.9047689437866211,-3.0,0.0,0.6732673645019531,-0.5352052450180054,0.0,-0.1887791,0.0655413,-0.0061610965,0.7523256767943738,-0.14805934675031196,0.058658202957542746,-0.010215677546430624
20.50860357284546,-2.4380596,-0.82655275,-2.1932018,-0.007340111984569075,nan,nan,nan,nan,nan,10.500249862670898,0.0010676383972167969,1.476729,2.6773021,0.9142634,-1.6178494691848755,-0.9511535167694092,-3.0,0.0,0.7387923002243042,-0.3879469335079193,0.0,-0.22384928,0.08186369,-0.008244126,0.7536939422962579,-0.18527144099548623,0.07436622790728323,-0.008670837594450522
20.608229637145996,-2.2588797,-0.55957925,-2.10888,-0.010354912377795164,nan,nan,nan,nan,nan,10.599888324737549,0.0009875297546386719,1.6698714,2.8807976,0.89621705,-1.5411158800125122,-0.9822609424591064,-3.0,0.0,0.8009426593780518,-0.23564353585243225,0.0,-0.26115754,0.100032665,-0.009717027,0.7550052287403008,-0.2229151005364019,0.09180436328679578,-0.006483440090846126
20.708287954330444,-2.0468798,-0.25401556,-2.0207922,-0.013083155686798395,nan,nan,nan,nan,nan,10.69996452331543,0.0011088848114013672,1.8668221,3.0686376,0.8651633,-1.457967758178711,-0.9980239272117615,-3.0,0.0,0.8602068424224854,-0.07896080613136292,0.0,-0.29970226,0.12009003,-0.009995182,0.7562264270435992,-0.25986495315137564,0.11011735705377837,-0.0034312972384214807
20.808154582977295,-1.836983,0.04049025,-1.9433253,-0.015090923140628418,nan,nan,nan,nan,nan,10.799789667129517,0.0010666847229003906,2.0334542,3.209097,0.8259659,-1.3692868947982788,-0.9980432987213135,-3.0,0.0,0.9159352779388428,0.07857340574264526,0.0,-0.3310525,0.1347743,-0.008601434,0.7571618962122663,-0.2934036883910843,0.12476457235670795,0.0004146929159735192
20.908196449279785,-1.596485,0.36942413,-1.8652058,-0.016675346209893152,nan,nan,nan,nan,nan,10.89984393119812,0.0009837150573730469,2.1950867,3.322344,0.7736129,-1.2749991416931152,-0.9823240041732788,-3.0,0.0,0.9681769609451294,0.23522821068763733,0.0,-0.3638534,0.14858232,-0.005632069,0.7579601226626289,-0.324630970324506,0.14007061320043068,0.005249408621424944
21.00820517539978,-1.3639783,0.6779144,-1.8001685,-0.017952967713086743,nan,nan,nan,nan,nan,10.999844789505005,0.0009734630584716797,2.3250468,3.3871968,0.71652424,-1.1757283210754395,-0.9511167407035828,-3.0,0.0,1.016568660736084,0.3880890905857086,0.0,-0.3895765,0.16458906,-0.005998072,0.7584533167343349,-0.3519413301386669,0.151732079880851,0.011096144696340486
21.108187437057495,-1.1022606,1.0133023,-1.7374779,-0.0194083683775016,nan,nan,nan,nan,nan,11.099831104278564,0.0010027885437011719,2.4440074,3.412169,0.64771825,-1.0718327760696411,-0.9049174189567566,-3.0,0.0,1.06094229221344,0.5348086953163147,0.0,-0.4137267,0.17525911,-0.0007851898,0.7587998764307913,-0.3746237262211943,0.16375294835795448,0.018971604398550248
21.209256649017334,-0.8552067,1.319388,-1.6869498,-0.020860204421901587,nan,nan,nan,nan,nan,11.201154470443726,0.0023674964904785156,2.5309565,3.3912165,0.5804797,-0.9622358083724976,-0.8435496687889099,-3.0,0.0,1.1016383171081543,0.6748783588409424,0.0,-0.42803937,0.18650237,0.002630628,0.758890312398329,-0.39345971374460137,0.17134888182492072,0.027710603981476175
21.30933904647827,-0.60538113,1.6178395,-1.6437726,-0.02241702373267235,nan,nan,nan,nan,nan,11.301220178604126,0.002071380615234375,2.594551,3.326799,0.5120567,-0.8501709699630737,-0.7695349454879761,-3.0,0.0,1.137449026107788,0.8024942874908447,0.0,-0.44128692,0.18890198,0.008983593,0.7588337352770103,-0.4070023528351666,0.17671087080208486,0.037465936020352544
21.40919041633606,-0.33466008,1.9285855,-1.605118,-0.02411119801215994,nan,nan,nan,nan,nan,11.400959968566895,0.0015232563018798828,2.6356757,3.208456,0.43966156,-0.735127329826355,-0.6836672425270081,-3.0,0.0,1.168670415878296,0.9170860648155212,0.0,-0.44430098,0.19721016,0.016891167,0.7586982502907106,-0.41419362035052687,0.18126182806510804,0.04869410117195108
21.508087873458862,-0.08749548,2.1992385,-1.5763531,-0.025513726529792342,nan,nan,nan,nan,nan,11.499724626541138,0.0013248920440673828,2.6474826,3.0546987,0.37646317,-0.618363082408905,-0.5880651473999023,-3.0,0.0,1.1950656175613403,1.0163850784301758,0.0,-0.44330052,0.19577864,0.02439201,0.7584553500366824,-0.41700139552458465,0.18183185545879327,0.058959355653772236
21.608160734176636,0.17558025,2.4703753,-1.5513748,-0.026834318919850775,nan,nan,nan,nan,nan,11.599792718887329,0.0009284019470214844,2.632991,2.8407059,0.31601492,-0.49763205647468567,-0.48198190331459045,-3.0,0.0,1.2171168327331543,1.1010416746139526,0.0,-0.43580478,0.19693886,0.035878066,0.7582069626734712,-0.4123356056255385,0.1807957125505498,0.06967404097254219
21.708173513412476,0.43139797,2.7145176,-1.5314397,-0.027830287933539408,nan,nan,nan,nan,nan,11.699810981750488,0.0009477138519287109,2.590668,2.580682,0.26561219,-0.3749959468841553,-0.36834537982940674,-3.0,0.0,1.234350562095642,1.1682816743850708,0.0,-0.41937464,0.19165654,0.04687146,0.7579796953696106,-0.40168356099057045,0.17742527829755558,0.07929681475593549
21.80813956260681,0.6589584,2.911375,-1.5162854,-0.02845715825425564,nan,nan,nan,nan,nan,11.799772024154663,0.0010428428649902344,2.5283782,2.300763,0.2303535,-0.2509506940841675,-0.24896736443042755,-3.0,0.0,1.2467055320739746,1.2170679569244385,0.0,-0.39966375,0.18691756,0.055225935,0.7578064534763953,-0.3875333538713215,0.170712437827942,0.0864448433336239
21.908392667770386,0.89497536,3.0902107,-1.5025276,-0.028776972350395252,nan,nan,nan,nan,nan,11.900041103363037,0.0010190010070800781,2.4379115,1.9584612,0.20481744,-0.125529482960701,-0.12528198957443237,-3.0,0.0,1.2541594505310059,1.2467362880706787,0.0,-0.3683933,0.17738405,0.06577876,0.7577530120422844,-0.33327529124630084,0.16299178365778633,0.09263037318491603
22.008049249649048,1.1017234,3.220619,-1.4909688,-0.028618048523113643,nan,nan,nan,nan,nan,11.999682426452637,0.0009658336639404297,2.334803,1.6102271,0.19378118,-0.00039907469181343913,-0.00039907469181343913,-3.0,0.0,1.2566369771957397,1.2566369771957397,0.0,-0.30303702,0.16702764,0.07495385,0.7578245649235247,-0.2693391813693052,0.15326680628596923,0.09552819714752239
22.108253479003906,1.311801,3.3212388,-1.4783998,-0.027878529185517004,nan,nan,nan,nan,nan,12.099881649017334,0.0009865760803222656,2.203349,1.2055049,0.19332208,0.12543261051177979,0.12518568336963654,-3.0,0.0,1.2541632652282715,1.2467515468597412,0.0,-0.22554585,0.15498489,0.08330274,0.7580664440658763,-0.21251275026311192,0.1432918000852314,0.09591677729775161
22.20823621749878,1.4915298,3.3752456,-1.4658885,-0.02674431993296758,nan,nan,nan,nan,nan,12.199891328811646,0.0009188652038574219,2.0648239,0.81434816,0.20131825,0.25053098797798157,0.24855761229991913,-3.0,0.0,1.2467389106750488,1.2172001600265503,0.0,-0.16212983,0.14187492,0.089099705,0.7584602299403659,-0.17022487830633828,0.1317610265338485,0.09302349408957084
22.308048248291016,1.6685153,3.389525,-1.4504997,-0.025788432513619425,nan,nan,nan,nan,nan,12.29967713356018,0.000965118408203125,1.8964804,0.37799704,0.21681115,0.37436407804489136,0.3677472770214081,-3.0,0.0,1.2344262599945068,1.1685792207717896,0.0,-0.1081252,0.12840432,0.092590004,0.7590286080504418,-0.13391930109410627,0.11930493844282254,0.0888576524672991
22.408470153808594,1.8141105,3.3623214,-1.4337353,-0.024491477956697566,nan,nan,nan,nan,nan,12.400134801864624,0.0010619163513183594,1.7265285,-0.030953806,0.23525953,0.4975438416004181,0.4819021224975586,-3.0,0.0,1.2171310186386108,1.1010968685150146,0.0,-0.070676126,0.11495075,0.095194735,0.7597332736084623,-0.10548396159777002,0.10506845547964477,0.08223636436260323
22.50806427001953,1.9516985,3.2902033,-1.4129918,-0.022317743557658337,nan,nan,nan,nan,nan,12.49968409538269,0.0009572505950927734,1.5291305,-0.47517264,0.25737733,0.617656409740448,0.5874640345573425,-3.0,0.0,1.1952098608016968,1.0169339179992676,0.0,-0.03514941,0.09883058,0.09261153,0.7605704461631007,-0.08057138360352185,0.0904992699527658,0.07338199670206276
22.608914375305176,2.0504246,3.1939585,-1.3934463,-0.019879390225028576,nan,nan,nan,nan,nan,12.600690841674805,0.001790761947631836,1.3526103,-0.84996283,0.27659565,0.7370561957359314,0.6851797103881836,-3.0,0.0,1.1681907176971436,0.9153018593788147,0.0,-0.012236254,0.08346822,0.08930692,0.761451877954808,-0.059864771338416244,0.07430688021719511,0.0628822434833714
22.708601236343384,2.1458528,3.0395367,-1.3679284,-0.016543744668222782,nan,nan,nan,nan,nan,12.700244665145874,0.00103759765625,1.1349659,-1.2887535,0.2981493,0.8518367409706116,0.7707091569900513,-3.0,0.0,1.1369569301605225,0.8007128834724426,0.0,0.01704243,0.06375963,0.08340099,0.7624152057022181,-0.04201741006031685,0.058348517671240434,0.05077130836676153
22.80929970741272,2.2136493,2.8585496,-1.3419077,-0.013105746881478142,nan,nan,nan,nan,nan,12.801133394241333,0.0021572113037109375,0.9283359,-1.6878494,0.31545347,0.9647551774978638,0.8450902104377747,-3.0,0.0,1.1007680892944336,0.6718279719352722,0.0,0.034628987,0.046140432,0.0760432,0.7633692116318053,-0.02617209568744798,0.041534818029130005,0.03807376764923788
22.908231735229492,2.264832,2.622326,-1.3112193,-0.009269537287358326,nan,nan,nan,nan,nan,12.899883031845093,0.0010466575622558594,0.7001863,-2.1114762,0.33019447,1.071529507637024,0.9047644734382629,-3.0,0.0,1.061063289642334,0.5352171659469604,0.0,0.050098676,0.027835405,0.06572212,0.7643118315640024,-0.013378695328933151,0.02487335150674466,0.024873729674286357
23.008191108703613,2.291952,2.3687792,-1.2813628,-0.005821811231028956,nan,nan,nan,nan,nan,12.999831676483154,0.0010132789611816406,0.48849082,-2.4926136,0.33925727,1.1753994226455688,0.950991153717041,-3.0,0.0,1.016718864440918,0.3885749876499176,0.0,0.07424834,0.007642011,0.05516738,0.7651603060012813,0.054269237110531936,0.007844153329816509,0.012366218887147786
23.108166456222534,2.2989485,2.0568821,-1.247747,-0.0024516671978602467,nan,nan,nan,nan,nan,13.099818229675293,0.0009758472442626953,0.258596,-2.8919194,0.3426496,1.2746719121932983,0.9822444319725037,-3.0,0.0,0.9683469533920288,0.23575225472450256,0.0,0.14659318,-0.011061055,0.042245246,0.7659416054059739,0.12820991451243405,-0.009430275158057853,0.00022221794997993985
