platform,controller,trajectory,traj_double,traj_short,traj_spin,time,traj_time,ref_time,comptime,x,y,z,yaw,vx,vy,vz,x_ref,y_ref,z_ref,yaw_ref,vx_ref,vy_ref,vz_ref,throttle_input,p_input,q_input,r_input,mpc_status,buffer_idx
sim,nmpc_acados_px4_cpp,f8_contraction,NormSpd,NotShort,NoSpin,10.0921,0.089995,0.089995,0.0020804,-0.0188678,0.00771461,-2.8718,-0.000310678,0.00425739,-0.00239306,-0.0612467,0.113031,0.11285,-3,0,1.25463,1.24861,0,0.698894,0.8,-0.8,-0.353004,0,1
sim,nmpc_acados_px4_cpp,f8_contraction,NormSpd,NotShort,NoSpin,10.1922,0.190005,0.190005,0.00212492,-0.0192088,0.00719701,-2.8772,-0.00189749,0.0250312,0.0158834,-0.0685407,0.2382,0.236505,-3,0,1.24769,1.22099,0,0.712092,0.8,-0.8,-0.40527,0,1
sim,nmpc_acados_px4_cpp,f8_contraction,NormSpd,NotShort,NoSpin,10.2921,0.289998,0.289998,0.00202339,-0.0153912,0.00998789,-2.88375,-0.00674349,0.0661912,0.0556294,-0.0749643,0.362409,0.35641,-3,0,1.23583,1.17411,0,0.724842,0.8,-0.8,-0.395598,0,1
sim,nmpc_acados_px4_cpp,f8_contraction,NormSpd,NotShort,NoSpin,10.3925,0.390001,0.390001,0.00250825,-0.00417595,0.0184803,-2.88995,-0.0231672,0.162664,0.139856,-0.0945381,0.4852,0.470705,-3,0,1.2191,1.10872,0,0.782704,0.588106,-0.8,-0.0301289,0,1
sim,nmpc_acados_px4_cpp,f8_contraction,NormSpd,NotShort,NoSpin,10.4922,0.489998,0.489998,0.00212687,0.0262504,0.0420544,-2.9033,-0.0537601,0.375044,0.320421,-0.203655,0.606068,0.577571,-3,0,1.19755,1.02584,0,0.80841,0.0910506,-0.559612,0.0569639,0,1
sim,nmpc_acados_px4_cpp,f8_contraction,NormSpd,NotShort,NoSpin,10.5921,0.590018,0.590018,0.00203411,0.0837815,0.0857106,-2.92843,-0.0797595,0.661357,0.534162,-0.317711,0.724572,0.67535,-3,0,1.17127,0.926767,0,0.786903,-0.3567,-0.000898123,0.0696146,0,1
sim,nmpc_acados_px4_cpp,f8_contraction,NormSpd,NotShort,NoSpin,10.6919,0.69,0.69,0.00182579,0.177588,0.152298,-2.96459,-0.0962954,0.96977,0.728247,-0.379489,0.840171,0.762442,-3,0,1.14038,0.813115,0,0.743355,-0.605875,0.345662,0.118824,0,1
sim,nmpc_acados_px4_cpp,f8_contraction,NormSpd,NotShort,NoSpin,10.7925,0.790005,0.790005,0.00246582,0.318078,0.241633,-3.00679,-0.119546,1.2697,0.855592,-0.359167,0.952482,0.837532,-3,0,1.10498,0.686613,0,0.700731,-0.683991,0.566468,0.137362,0,1
sim,nmpc_acados_px4_cpp,f8_contraction,NormSpd,NotShort,NoSpin,10.8925,0.89002,0.89002,0.00248478,0.492564,0.335159,-3.04234,-0.155724,1.51158,0.87721,-0.272311,1.06104,0.899416,-3,0,1.06522,0.549267,0,0.680328,-0.6354,0.673945,0.212414,0,1
sim,nmpc_acados_px4_cpp,f8_contraction,NormSpd,NotShort,NoSpin,10.992,0.990005,0.990005,0.00191191,0.674534,0.41472,-3.06411,-0.19089,1.66751,0.822802,-0.169075,1.16539,0.9471,-3,0,1.02126,0.403303,0,0.680903,-0.519321,0.703233,0.258629,0,1
sim,nmpc_acados_px4_cpp,f8_contraction,NormSpd,NotShort,NoSpin,11.0924,1.09,1.09,0.00239495,0.881655,0.487217,-3.07489,-0.219159,1.74856,0.714926,-0.0706076,1.26514,0.979855,-3,0,0.973269,0.250962,0,0.695505,-0.413461,0.641667,0.319109,0,1
sim,nmpc_acados_px4_cpp,f8_contraction,NormSpd,NotShort,NoSpin,11.1926,1.18999,1.18999,0.00252203,1.05516,0.535297,-3.07594,-0.231122,1.74186,0.600173,-0.0145221,1.3599,0.997158,-3,0,0.921439,0.0946682,0,0.715591,-0.300946,0.507388,0.336233,0,1
sim,nmpc_acados_px4_cpp,f8_contraction,NormSpd,NotShort,NoSpin,11.292,1.28999,1.28999,0.00198862,1.23344,0.57377,-3.07248,-0.231058,1.66083,0.462615,0.0184516,1.4493,0.998737,-3,0,0.865969,-0.0631301,0,0.730929,-0.218905,0.339836,0.323667,0,1
sim,nmpc_acados_px4_cpp,f8_contraction,NormSpd,NotShort,NoSpin,11.3918,1.38999,1.38999,0.00180825,1.4049,0.599153,-3.06653,-0.217481,1.50272,0.305323,0.0293082,1.53298,0.984566,-3,0,0.807083,-0.219929,0,0.740999,-0.127792,0.160021,0.295346,0,1
sim,nmpc_acados_px4_cpp,f8_contraction,NormSpd,NotShort,NoSpin,11.4918,1.48999,1.48999,0.00180818,1.53791,0.60666,-3.06126,-0.196312,1.31412,0.154144,0.027083,1.61061,0.954868,-3,0,0.745011,-0.373261,0,0.744737,-0.0620957,0.0123425,0.263267,0,1
sim,nmpc_acados_px4_cpp,f8_contraction,NormSpd,NotShort,NoSpin,11.5918,1.58999,1.58999,0.00176891,1.6534,0.59805,-3.05648,-0.168144,1.09073,-0.0127971,0.021173,1.68188,0.91011,-3,0,0.679999,-0.520708,0,0.743985,0.0107608,-0.104629,0.224396,0,1
sim,nmpc_acados_px4_cpp,f8_contraction,NormSpd,NotShort,NoSpin,11.6918,1.68999,1.68999,0.00179958,1.73325,0.57409,-3.05248,-0.141944,0.884817,-0.167389,0.016808,1.74652,0.850999,-3,0,0.612301,-0.659945,0,0.741837,0.0561029,-0.18039,0.187242,0,1
sim,nmpc_acados_px4_cpp,f8_contraction,NormSpd,NotShort,NoSpin,11.7924,1.79001,1.79001,0.00232363,1.79326,0.531086,-3.04889,-0.117852,0.67548,-0.329107,0.0139775,1.80427,0.778456,-3,0,0.542178,-0.78879,0,0.739252,0.0898845,-0.227564,0.158447,0,1
sim,nmpc_acados_px4_cpp,f8_contraction,NormSpd,NotShort,NoSpin,11.8919,1.89,1.89,0.00183712,1.82806,0.476781,-3.04632,-0.101365,0.502628,-0.46729,0.0119205,1.85489,0.693655,-3,0,0.469932,-0.905165,0,0.737029,0.113634,-0.248675,0.137439,0,1
sim,nmpc_acados_px4_cpp,f8_contraction,NormSpd,NotShort,NoSpin,11.9919,1.99001,1.99001,0.00182508,1.84798,0.403787,-3.04416,-0.0898093,0.341771,-0.600051,0.00923522,1.8982,0.59789,-3,0,0.395813,-1.00729,0,0.734974,0.141295,-0.246601,0.123721,0,1
sim,nmpc_acados_px4_cpp,f8_contraction,NormSpd,NotShort,NoSpin,12.0918,2.09,2.09,0.00176484,1.85438,0.325567,-3.04289,-0.0825765,0.220564,-0.705298,0.0055316,1.934,0.492731,-3,0,0.320157,-1.0935,0,0.734261,0.147994,-0.219385,0.111777,0,1
sim,nmpc_acados_px4_cpp,f8_contraction,NormSpd,NotShort,NoSpin,12.1918,2.19,2.19,0.00175586,1.85294,0.238841,-3.04262,-0.076606,0.126474,-0.794208,0.000117355,1.96218,0.379781,-3,0,0.243223,-1.16249,0,0.733736,0.152778,-0.171606,0.105237,0,1
sim,nmpc_acados_px4_cpp,f8_contraction,NormSpd,NotShort,NoSpin,12.2917,2.28999,2.28999,0.00171887,1.84616,0.137172,-3.04341,-0.0684951,0.0538183,-0.873511,-0.00764039,1.98261,0.260851,-3,0,0.165335,-1.21313,0,0.73258,0.169901,-0.107798,0.095715,0,1
sim,nmpc_acados_px4_cpp,f8_contraction,NormSpd,NotShort,NoSpin,12.3919,2.38999,2.38999,0.00188729,1.83737,0.0297154,-3.04547,-0.0586246,0.00567019,-0.933912,-0.0151951,1.99522,0.137805,-3,0,0.0867929,-1.24465,0,0.73106,0.185172,-0.040024,0.0838703,0,1
sim,nmpc_acados_px4_cpp,f8_contraction,NormSpd,NotShort,NoSpin,12.4916,2.48999,2.48999,0.0015854,1.82985,-0.0728367,-3.04784,-0.0476672,-0.023147,-0.972139,-0.0203806,1.99996,0.0125755,-3,0,0.00790158,-1.25654,0,0.729838,0.188351,0.0237895,0.0670459,0,1
sim,nmpc_acados_px4_cpp,f8_contraction,NormSpd,NotShort,NoSpin,12.5924,2.59001,2.59001,0.00234703,1.82415,-0.176712,-3.05054,-0.0354861,-0.0435482,-0.992124,-0.0231902,1.9968,-0.112875,-3,0,-0.071035,-1.24861,0,0.728687,0.189813,0.0789375,0.0496742,0,1
sim,nmpc_acados_px4_cpp,f8_contraction,NormSpd,NotShort,NoSpin,12.6917,2.69,2.69,0.00171342,1.82028,-0.287954,-3.05398,-0.0221891,-0.0646413,-0.990889,-0.0238958,1.98577,-0.236494,-3,0,-0.149659,-1.22099,0,0.727769,0.188444,0.115956,0.0306981,0,1
sim,nmpc_acados_px4_cpp,f8_contraction,NormSpd,NotShort,NoSpin,12.7918,2.79002,2.79002,0.00173844,1.81767,-0.395118,-3.05772,-0.00982079,-0.0919127,-0.965571,-0.0223114,1.96689,-0.356439,-3,0,-0.227728,-1.1741,0,0.727567,0.178248,0.134198,0.0119231,0,1
sim,nmpc_acados_px4_cpp,f8_contraction,NormSpd,NotShort,NoSpin,12.8924,2.89,2.89,0.00233086,1.81379,-0.488005,-3.06102,-0.000328281,-0.127857,-0.921376,-0.0193629,1.94025,-0.470703,-3,0,-0.304859,-1.10872,0,0.728061,0.161437,0.142055,0.000479266,0,1
sim,nmpc_acados_px4_cpp,f8_contraction,NormSpd,NotShort,NoSpin,12.9919,2.99,2.99,0.00183112,1.80605,-0.58005,-3.0642,0.00754397,-0.181049,-0.852269,-0.0157176,1.90596,-0.577571,-3,0,-0.380804,-1.02584,0,0.729065,0.138324,0.125065,-0.0111007,0,1
sim,nmpc_acados_px4_cpp,f8_contraction,NormSpd,NotShort,NoSpin,13.0928,3.09002,3.09002,0.00271103,1.79297,-0.655724,-3.06665,0.0123405,-0.243818,-0.772288,-0.0126097,1.86413,-0.675355,-3,0,-0.455266,-0.926761,0,0.730264,0.11768,0.108183,-0.0149346,0,1
sim,nmpc_acados_px4_cpp,f8_contraction,NormSpd,NotShort,NoSpin,13.1925,3.19002,3.19002,0.00249132,1.77022,-0.726326,-3.06932,0.0150444,-0.324935,-0.670632,-0.00986481,1.81496,-0.762455,-3,0,-0.527906,-0.813096,0,0.731255,0.0996779,0.0850818,-0.0171228,0,1
sim,nmpc_acados_px4_cpp,f8_contraction,NormSpd,NotShort,NoSpin,13.2919,3.29,3.29,0.00188802,1.74016,-0.780609,-3.07163,0.0157005,-0.408308,-0.566503,-0.00740603,1.75863,-0.837529,-3,0,-0.59846,-0.686617,0,0.731919,0.0777778,0.0472139,-0.0166529,0,1
sim,nmpc_acados_px4_cpp,f8_contraction,NormSpd,NotShort,NoSpin,13.3919,3.39,3.39,0.0018469,1.69658,-0.826871,-3.07346,0.0149333,-0.504982,-0.445213,-0.00504147,1.69536,-0.899406,-3,0,-0.666661,-0.549295,0,0.732235,0.0576757,0.010327,-0.0159056,0,1
sim,nmpc_acados_px4_cpp,f8_contraction,NormSpd,NotShort,NoSpin,13.4925,3.49005,3.49005,0.0024596,1.64558,-0.85752,-3.0744,0.0132943,-0.596626,-0.327816,-0.00259104,1.62535,-0.947119,-3,0,-0.732263,-0.403234,0,0.733151,0.058113,0.00301233,-0.0100128,0,1
sim,nmpc_acados_px4_cpp,f8_contraction,NormSpd,NotShort,NoSpin,13.5925,3.59001,3.59001,0.00246057,1.57836,-0.876886,-3.07512,0.0110647,-0.695726,-0.196068,-0.000984205,1.549,-0.979858,-3,0,-0.794918,-0.250946,0,0.733491,0.0480041,-0.0190225,-0.00647014,0,1
sim,nmpc_acados_px4_cpp,f8_contraction,NormSpd,NotShort,NoSpin,13.6919,3.69004,3.69004,0.00187251,1.50568,-0.882462,-3.07525,0.00879929,-0.78463,-0.0716565,0.000359962,1.46648,-0.997162,-3,0,-0.854475,-0.0946023,0,0.733266,0.0254971,-0.0512904,-0.00269068,0,1
sim,nmpc_acados_px4_cpp,f8_contraction,NormSpd,NotShort,NoSpin,13.7922,3.79,3.79,0.0021771,1.41581,-0.875569,-3.07463,0.00673541,-0.875638,0.0627766,0.00148123,1.37823,-0.998737,-3,0,-0.910625,0.0631365,0,0.733507,0.0173596,-0.0636661,-0.00208696,0,1
sim,nmpc_acados_px4_cpp,f8_contraction,NormSpd,NotShort,NoSpin,13.8929,3.89,3.89,0.00281204,1.33101,-0.860067,-3.07389,0.00568959,-0.946919,0.1746,0.00143632,1.28451,-0.984564,-3,0,-0.963203,0.21994,0,0.733202,-0.00021029,-0.0859316,-0.000725549,0,1
sim,nmpc_acados_px4_cpp,f8_contraction,NormSpd,NotShort,NoSpin,13.9919,3.98999,3.98999,0.00179254,1.22177,-0.830479,-3.07317,0.00528351,-1.02251,0.30309,0.000895621,1.18572,-0.954867,-3,0,-1.01198,0.373262,0,0.733383,-0.0049773,-0.0901197,-0.000815733,0,1
sim,nmpc_acados_px4_cpp,f8_contraction,NormSpd,NotShort,NoSpin,14.0918,4.09,4.09,0.00176282,1.11337,-0.792725,-3.07249,0.00580102,-1.08341,0.417538,-0.000334747,1.08224,-0.910107,-3,0,-1.05676,0.520718,0,0.732951,-0.0229572,-0.103031,-0.00240217,0,1
sim,nmpc_acados_px4_cpp,f8_contraction,NormSpd,NotShort,NoSpin,14.1923,4.19,4.19,0.00227607,0.999234,-0.744843,-3.07197,0.00669449,-1.13444,0.526804,-0.00236861,0.974504,-0.850997,-3,0,-1.09737,0.659949,0,0.733015,-0.0287322,-0.0970126,-0.00475483,0,1
sim,nmpc_acados_px4_cpp,f8_contraction,NormSpd,NotShort,NoSpin,14.2917,4.29,4.29,0.00171475,0.870742,-0.681863,-3.07208,0.00806193,-1.1781,0.638919,-0.00577576,0.862915,-0.778464,-3,0,-1.13365,0.788777,0,0.732187,-0.053086,-0.0993754,-0.00980918,0,1
sim,nmpc_acados_px4_cpp,f8_contraction,NormSpd,NotShort,NoSpin,14.3917,4.38999,4.38999,0.00172201,0.738487,-0.608121,-3.07352,0.00949415,-1.21023,0.743104,-0.00895625,0.747925,-0.693658,-3,0,-1.16546,0.905161,0,0.731618,-0.0655764,-0.0845619,-0.0105915,0,1
sim,nmpc_acados_px4_cpp,f8_contraction,NormSpd,NotShort,NoSpin,14.4918,4.49,4.49,0.00177019,0.613958,-0.53196,-3.0756,0.0110157,-1.23026,0.829998,-0.0113328,0.629975,-0.597906,-3,0,-1.19267,1.00728,0,0.730373,-0.0876259,-0.0775916,-0.0138266,0,1
sim,nmpc_acados_px4_cpp,f8_contraction,NormSpd,NotShort,NoSpin,14.5923,4.59001,4.59001,0.00227903,0.477598,-0.441479,-3.07842,0.012833,-1.24235,0.912067,-0.0128761,0.509524,-0.492711,-3,0,-1.21517,1.09352,0,0.72951,-0.0953981,-0.0596202,-0.0169663,0,1
sim,nmpc_acados_px4_cpp,f8_contraction,NormSpd,NotShort,NoSpin,14.6923,4.68999,4.68999,0.00230452,0.351387,-0.351303,-3.0804,0.0142523,-1.24572,0.975881,-0.0128188,0.387114,-0.379793,-3,0,-1.23287,1.16248,0,0.728494,-0.115745,-0.0531779,-0.0198922,0,1
sim,nmpc_acados_px4_cpp,f8_contraction,NormSpd,NotShort,NoSpin,14.7917,4.79,4.79,0.00169732,0.215406,-0.248254,-3.08178,0.0155091,-1.24194,1.03107,-0.011931,0.263129,-0.260841,-3,0,-1.24571,1.21313,0,0.728104,-0.124132,-0.0362219,-0.0221103,0,1
sim,nmpc_acados_px4_cpp,f8_contraction,NormSpd,NotShort,NoSpin,14.8921,4.88999,4.88999,0.00206309,0.091635,-0.149457,-3.08253,0.0161281,-1.23242,1.06797,-0.0104797,0.13813,-0.1378,-3,0,-1.25364,1.24465,0,0.727837,-0.133285,-0.0205741,-0.0235601,0,1
sim,nmpc_acados_px4_cpp,f8_contraction,NormSpd,NotShort,NoSpin,14.9921,4.99,4.99,0.0020254,-0.0302263,-0.0480306,-3.08293,0.0162697,-1.21861,1.09067,-0.00866583,0.0125667,-0.0125665,-3,0,-1.25661,1.25654,0,0.727535,-0.148968,-0.0172232,-0.0240921,0,1
sim,nmpc_acados_px4_cpp,f8_contraction,NormSpd,NotShort,NoSpin,15.0922,5.09001,5.09001,0.00218273,-0.159897,0.0630699,-3.08322,0.0158368,-1.20019,1.09851,-0.0065014,-0.113046,0.112865,-3,0,-1.25463,1.24861,0,0.727421,-0.16005,-0.0172769,-0.0238813,0,1
sim,nmpc_acados_px4_cpp,f8_contraction,NormSpd,NotShort,NoSpin,15.1917,5.19001,5.19001,0.00164984,-0.28678,0.173774,-3.08339,0.0149572,-1.179,1.08801,-0.00439574,-0.238205,0.23651,-3,0,-1.24769,1.22099,0,0.727476,-0.162662,-0.00916737,-0.0232357,0,1
sim,nmpc_acados_px4_cpp,f8_contraction,NormSpd,NotShort,NoSpin,15.2917,5.28999,5.28999,0.00170182,-0.40068,0.273618,-3.08314,0.0136987,-1.15695,1.06133,-0.0022259,-0.362404,0.356404,-3,0,-1.23583,1.17412,0,0.72781,-0.163085,-0.011433,-0.0217916,0,1
sim,nmpc_acados_px4_cpp,f8_contraction,NormSpd,NotShort,NoSpin,15.3921,5.39003,5.39003,0.00202985,-0.52051,0.377522,-3.08206,0.0118859,-1.13098,1.01426,0.000186664,-0.48523,0.470733,-3,0,-1.21909,1.1087,0,0.728439,-0.158658,-0.00526827,-0.0199832,0,1
sim,nmpc_acados_px4_cpp,f8_contraction,NormSpd,NotShort,NoSpin,15.4918,5.49001,5.49001,0.00176582,-0.627942,0.467499,-3.08011,0.00988268,-1.10533,0.954418,0.00191658,-0.606081,0.577582,-3,0,-1.19755,1.02583,0,0.729564,-0.149555,-0.0105894,-0.0174203,0,1
sim,nmpc_acados_px4_cpp,f8_contraction,NormSpd,NotShort,NoSpin,15.5924,5.59,5.59,0.00235481,-0.740746,0.55628,-3.07749,0.00743495,-1.0762,0.872152,0.00232073,-0.724552,0.675334,-3,0,-1.17127,0.926785,0,0.730602,-0.138496,-0.00940093,-0.0147413,0,1
sim,nmpc_acados_px4_cpp,f8_contraction,NormSpd,NotShort,NoSpin,15.6918,5.68999,5.68999,0.00176252,-0.841507,0.628749,-3.07497,0.00503218,-1.04828,0.78165,0.0017065,-0.840158,0.762433,-3,0,-1.14038,0.813129,0,0.731726,-0.119718,-0.0175579,-0.0101544,0,1
sim,nmpc_acados_px4_cpp,f8_contraction,NormSpd,NotShort,NoSpin,15.7918,5.78999,5.78999,0.00179108,-0.946712,0.695923,-3.0719,0.00240619,-1.01618,0.669739,0.000434166,-0.952463,0.83752,-3,0,-1.10499,0.686636,0,0.732768,-0.104821,-0.018972,-0.00857105,0,1
sim,nmpc_acados_px4_cpp,f8_contraction,NormSpd,NotShort,NoSpin,15.8917,5.88999,5.88999,0.00172318,-1.03963,0.74618,-3.06934,2.21233e-05,-0.984672,0.555857,-0.00208613,-1.06101,0.8994,-3,0,-1.06523,0.54931,0,0.733649,-0.0821754,-0.0262929,-0.00521761,0,1
sim,nmpc_acados_px4_cpp,f8_contraction,NormSpd,NotShort,NoSpin,15.9918,5.98999,5.98999,0.00178044,-1.13568,0.786929,-3.06775,-0.00248712,-0.948226,0.42363,-0.00558257,-1.16537,0.947096,-3,0,-1.02126,0.403319,0,0.734072,-0.0675811,-0.0263241,-0.00209857,0,1
sim,nmpc_acados_px4_cpp,f8_contraction,NormSpd,NotShort,NoSpin,16.0918,6.09,6.09,0.00179554,-1.20649,0.808551,-3.0677,-0.00423992,-0.918638,0.317238,-0.00874604,-1.26514,0.979855,-3,0,-0.97327,0.250965,0,0.734018,-0.0539602,-0.0285791,0.00203829,0,1
sim,nmpc_acados_px4_cpp,f8_contraction,NormSpd,NotShort,NoSpin,16.1924,6.19,6.19,0.0023621,-1.29397,0.823618,-3.06957,-0.00627813,-0.87807,0.175121,-0.0128429,-1.3599,0.997159,-3,0,-0.921438,0.0946637,0,0.733274,-0.0260745,-0.0366989,0.00493556,0,1
sim,nmpc_acados_px4_cpp,f8_contraction,NormSpd,NotShort,NoSpin,16.2925,6.29005,6.29005,0.00237721,-1.37655,0.824635,-3.07304,-0.00784693,-0.835234,0.0317439,-0.0153291,-1.44935,0.998734,-3,0,-0.865938,-0.0632151,0,0.732835,-0.0265581,-0.0365276,0.00567769,0,1
sim,nmpc_acados_px4_cpp,f8_contraction,NormSpd,NotShort,NoSpin,16.3926,6.39002,6.39002,0.0024961,-1.44756,0.813367,-3.07672,-0.00875075,-0.792406,-0.0992834,-0.0156651,-1.533,0.98456,-3,0,-0.807066,-0.219974,0,0.732027,-0.00393724,-0.0408219,0.00745725,0,1
sim,nmpc_acados_px4_cpp,f8_contraction,NormSpd,NotShort,NoSpin,16.4925,6.49,6.49,0.00246018,-1.51779,0.787664,-3.08091,-0.00913141,-0.741506,-0.238273,-0.0150802,-1.61062,0.954863,-3,0,-0.745004,-0.373278,0,0.731169,0.0200234,-0.0397031,0.00976473,0,1
sim,nmpc_acados_px4_cpp,f8_contraction,NormSpd,NotShort,NoSpin,16.5919,6.59,6.59,0.00188268,-1.57683,0.752167,-3.08466,-0.00891269,-0.691044,-0.362412,-0.0132132,-1.68189,0.910103,-3,0,-0.67999,-0.520727,0,0.730822,0.0309177,-0.0365168,0.00990572,0,1
sim,nmpc_acados_px4_cpp,f8_contraction,NormSpd,NotShort,NoSpin,16.6929,6.69004,6.69004,0.00275913,-1.63392,0.701852,-3.08845,-0.00821811,-0.63258,-0.489821,-0.0106469,-1.74655,0.850969,-3,0,-0.61227,-0.660006,0,0.730241,0.0540564,-0.0319251,0.00954317,0,1
sim,nmpc_acados_px4_cpp,f8_contraction,NormSpd,NotShort,NoSpin,16.7919,6.79001,6.79001,0.00187229,-1.67966,0.645103,-3.09188,-0.00714777,-0.574806,-0.599479,-0.00802161,-1.80427,0.778458,-3,0,-0.54218,-0.788787,0,0.730011,0.0612156,-0.026404,0.00760978,0,1
sim,nmpc_acados_px4_cpp,f8_contraction,NormSpd,NotShort,NoSpin,16.8917,6.88999,6.88999,0.00168239,-1.72211,0.573039,-3.09542,-0.00570445,-0.509463,-0.708123,-0.00531432,-1.85489,0.693662,-3,0,-0.469938,-0.905157,0,0.729291,0.0811825,-0.0201854,0.0070074,0,1
sim,nmpc_acados_px4_cpp,f8_contraction,NormSpd,NotShort,NoSpin,16.9917,6.99,6.99,0.00170036,-1.73355,0.548879,-3.09654,-0.00514715,-0.488758,-0.739345,-0.00431869,-1.89819,0.597904,-3,0,-0.395823,-1.00728,0,0.731258,0.00237262,-0.0374107,0.00397671,0,1
sim,nmpc_acados_px4_cpp,f8_contraction,NormSpd,NotShort,NoSpin,17.0917,7.08999,7.08999,0.00168014,-1.75169,0.504504,-3.09851,-0.00408164,-0.451775,-0.791035,-0.00491373,-1.934,0.492739,-3,0,-0.320162,-1.0935,0,0.732231,-0.0545866,-0.0585763,0.00337503,0,1
sim,nmpc_acados_px4_cpp,f8_contraction,NormSpd,NotShort,NoSpin,17.1921,7.18999,7.18999,0.00211066,-1.77734,0.42275,-3.10209,-0.00179039,-0.384985,-0.876457,-0.00838275,-1.96218,0.379792,-3,0,-0.24323,-1.16248,0,0.73085,0.0169081,-0.0484277,0.0015358,0,1
sim,nmpc_acados_px4_cpp,f8_contraction,NormSpd,NotShort,NoSpin,17.2924,7.28999,7.28999,0.00234018,-1.79644,0.33451,-3.10577,0.000544408,-0.31429,-0.95949,-0.00817947,-1.98261,0.260851,-3,0,-0.165335,-1.21313,0,0.728916,0.111924,-0.0308408,0.00238414,0,1
sim,nmpc_acados_px4_cpp,f8_contraction,NormSpd,NotShort,NoSpin,17.3917,7.38999,7.38999,0.00172724,-1.80897,0.239831,-3.10918,0.00278824,-0.240968,-1.03448,-0.0055281,-1.99522,0.137804,-3,0,-0.086792,-1.24465,0,0.727343,0.171812,-0.0219435,-0.00250807,0,1
sim,nmpc_acados_px4_cpp,f8_contraction,NormSpd,NotShort,NoSpin,17.4919,7.48999,7.48999,0.00185326,-1.81519,0.131114,-3.11198,0.00490282,-0.160092,-1.09897,0.00041875,-1.99996,0.0125767,-3,0,-0.00790232,-1.25654,0,0.725905,0.217409,-0.0102492,-0.00346577,0,1
sim,nmpc_acados_px4_cpp,f8_contraction,NormSpd,NotShort,NoSpin,17.5926,7.59005,7.59005,0.002546,-1.81376,0.0273298,-3.11352,0.00652076,-0.0853175,-1.13728,0.0078365,-1.9968,-0.112925,-3,0,0.0710664,-1.2486,0,0.725728,0.225845,-0.0159707,-0.00965293,0,1
sim,nmpc_acados_px4_cpp,f8_contraction,NormSpd,NotShort,NoSpin,17.6928,7.69,7.69,0.00277248,-1.80538,-0.0778763,-3.11438,0.00793274,-0.0109066,-1.15267,0.0152331,-1.98576,-0.236503,-3,0,0.149665,-1.22099,0,0.725873,0.22707,-0.016129,-0.0116562,0,1
sim,nmpc_acados_px4_cpp,f8_contraction,NormSpd,NotShort,NoSpin,17.792,7.79,7.79,0.0020086,-1.78905,-0.190416,-3.11502,0.00929208,0.0692182,-1.14215,0.0221668,-1.96689,-0.356409,-3,0,0.227708,-1.17411,0,0.726302,0.218228,-0.0089244,-0.0135388,0,1
sim,nmpc_acados_px4_cpp,f8_contraction,NormSpd,NotShort,NoSpin,17.8919,7.89,7.89,0.00189998,-1.76501,-0.297229,-3.11577,0.010763,0.148016,-1.10218,0.0282634,-1.94025,-0.470704,-3,0,0.304859,-1.10872,0,0.727067,0.193582,-0.00330932,-0.013929,0,1
sim,nmpc_acados_px4_cpp,f8_contraction,NormSpd,NotShort,NoSpin,17.9919,7.99,7.99,0.0019108,-1.7367,-0.387413,-3.11622,0.0122865,0.219087,-1.04048,0.0326969,-1.90596,-0.577571,-3,0,0.380804,-1.02584,0,0.727889,0.162559,-0.00871571,-0.017968,0,1
sim,nmpc_acados_px4_cpp,f8_contraction,NormSpd,NotShort,NoSpin,18.0928,8.09002,8.09002,0.00272262,-1.70025,-0.473744,-3.11626,0.0140882,0.292841,-0.950853,0.0366445,-1.86413,-0.675353,-3,0,0.455264,-0.926764,0,0.728818,0.130509,-0.0173435,-0.0204711,0,1
sim,nmpc_acados_px4_cpp,f8_contraction,NormSpd,NotShort,NoSpin,18.1919,8.19,8.19,0.0018588,-1.66106,-0.541554,-3.11604,0.0157396,0.358885,-0.85094,0.0394446,-1.81497,-0.762439,-3,0,0.527892,-0.81312,0,0.729605,0.0932424,-0.0156818,-0.0230585,0,1
sim,nmpc_acados_px4_cpp,f8_contraction,NormSpd,NotShort,NoSpin,18.2923,8.29004,8.29004,0.00223319,-1.6126,-0.601949,-3.11521,0.0173662,0.428534,-0.730286,0.0420547,-1.75861,-0.837556,-3,0,0.598487,-0.686566,0,0.730407,0.062001,-0.0126758,-0.0246865,0,1
sim,nmpc_acados_px4_cpp,f8_contraction,NormSpd,NotShort,NoSpin,18.392,8.38999,8.38999,0.00199296,-1.56278,-0.645265,-3.11423,0.0186367,0.491163,-0.611272,0.0433288,-1.69536,-0.899402,-3,0,0.666656,-0.549304,0,0.731211,0.045961,-0.0197156,-0.0276672,0,1
sim,nmpc_acados_px4_cpp,f8_contraction,NormSpd,NotShort,NoSpin,18.4926,8.49,8.49,0.00252449,-1.503,-0.678367,-3.11254,0.0197407,0.557765,-0.477182,0.0442976,-1.62539,-0.947099,-3,0,0.732231,-0.403308,0,0.731957,0.0267215,-0.0135308,-0.0289013,0,1
sim,nmpc_acados_px4_cpp,f8_contraction,NormSpd,NotShort,NoSpin,18.5926,8.5901,8.5901,0.00249832,-1.44261,-0.696349,-3.11044,0.0204305,0.618055,-0.351358,0.0436205,-1.54893,-0.97988,-3,0,0.794971,-0.250811,0,0.732915,0.0208819,-0.0174693,-0.0309172,0,1
sim,nmpc_acados_px4_cpp,f8_contraction,NormSpd,NotShort,NoSpin,18.6927,8.68999,8.68999,0.00265457,-1.37173,-0.702443,-3.10803,0.0209079,0.682027,-0.214911,0.0410178,-1.46651,-0.997158,-3,0,0.854452,-0.0946664,0,0.733391,0.00650425,-0.00763331,-0.0313242,0,1
sim,nmpc_acados_px4_cpp,f8_contraction,NormSpd,NotShort,NoSpin,18.7926,8.79,8.79,0.00252634,-1.30107,-0.696176,-3.10576,0.0210605,0.740204,-0.0905956,0.0373762,-1.37823,-0.998737,-3,0,0.910626,0.0631382,0,0.73407,0.00502991,-0.00924851,-0.0323909,0,1
sim,nmpc_acados_px4_cpp,f8_contraction,NormSpd,NotShort,NoSpin,18.8921,8.89002,8.89002,0.00199687,-1.21887,-0.67708,-3.10314,0.0209156,0.80171,0.0411201,0.0320865,-1.28449,-0.98456,-3,0,0.963213,0.219969,0,0.734243,-0.00811165,0.00400626,-0.0317248,0,1
sim,nmpc_acados_px4_cpp,f8_contraction,NormSpd,NotShort,NoSpin,18.9921,8.99,8.99,0.00206874,-1.13888,-0.648094,-3.10074,0.0206805,0.856127,0.159839,0.0262353,-1.18572,-0.954865,-3,0,1.01198,0.373271,0,0.734654,-0.0121995,0.00316394,-0.0314285,0,1
sim,nmpc_acados_px4_cpp,f8_contraction,NormSpd,NotShort,NoSpin,19.0924,9.08999,9.08999,0.00240996,-1.05558,-0.609564,-3.09878,0.0201954,0.9078,0.273696,0.0194652,-1.08225,-0.91011,-3,0,1.05676,0.520709,0,0.734925,-0.015886,0.00162112,-0.0312303,0,1
sim,nmpc_acados_px4_cpp,f8_contraction,NormSpd,NotShort,NoSpin,19.1918,9.18999,9.18999,0.0017201,-0.961879,-0.557566,-3.09751,0.0196286,0.959939,0.390846,0.0112756,-0.974512,-0.851002,-3,0,1.09737,0.659939,0,0.734352,-0.0335428,0.0107181,-0.0301379,0,1
sim,nmpc_acados_px4_cpp,f8_contraction,NormSpd,NotShort,NoSpin,19.2917,9.28999,9.28999,0.00170273,-0.863796,-0.495913,-3.09709,0.0188672,1.00891,0.500004,0.00357212,-0.862923,-0.77847,-3,0,1.13365,0.788769,0,0.733515,-0.0508006,0.0209496,-0.0283916,0,1
sim,nmpc_acados_px4_cpp,f8_contraction,NormSpd,NotShort,NoSpin,19.3917,9.38999,9.38999,0.00171253,-0.76953,-0.431287,-3.09766,0.0180731,1.05158,0.592207,-0.00307128,-0.747931,-0.693663,-3,0,1.16546,0.905155,0,0.733033,-0.0534616,0.0185455,-0.0269841,0,1
sim,nmpc_acados_px4_cpp,f8_contraction,NormSpd,NotShort,NoSpin,19.4924,9.49,9.49,0.0023314,-0.67209,-0.360122,-3.09953,0.01717,1.09091,0.675333,-0.00969411,-0.629969,-0.597902,-3,0,1.19267,1.00728,0,0.732069,-0.0581272,0.0172797,-0.0250452,0,1
sim,nmpc_acados_px4_cpp,f8_contraction,NormSpd,NotShort,NoSpin,19.5923,9.59001,9.59001,0.0022679,-0.563056,-0.276338,-3.10214,0.0162,1.12982,0.754961,-0.0146915,-0.509532,-0.492719,-3,0,1.21517,1.09351,0,0.731106,-0.0664242,0.0181586,-0.0229027,0,1
sim,nmpc_acados_px4_cpp,f8_contraction,NormSpd,NotShort,NoSpin,19.6918,9.69002,9.69002,0.00176322,-0.450912,-0.186533,-3.10537,0.015222,1.16471,0.822984,-0.0186217,-0.387078,-0.379759,-3,0,1.23288,1.1625,0,0.729968,-0.0777499,0.020609,-0.0206168,0,1
sim,nmpc_acados_px4_cpp,f8_contraction,NormSpd,NotShort,NoSpin,19.7919,9.78999,9.78999,0.00184236,-0.344735,-0.0997816,-3.10947,0.0143971,1.19315,0.87425,-0.0206736,-0.263139,-0.260852,-3,0,1.24571,1.21313,0,0.728596,-0.0912411,0.0236842,-0.0182889,0,1
sim,nmpc_acados_px4_cpp,f8_contraction,NormSpd,NotShort,NoSpin,19.8918,9.88999,9.88999,0.00181976,-0.235964,-0.0109361,-3.11379,0.0135669,1.21773,0.912404,-0.0201271,-0.138132,-0.137802,-3,0,1.25364,1.24465,0,0.726923,-0.110575,0.0401165,-0.0159185,0,1
sim,nmpc_acados_px4_cpp,f8_contraction,NormSpd,NotShort,NoSpin,19.9918,9.98999,9.98999,0.00178938,-0.125208,0.0785547,-3.11779,0.0126118,1.2376,0.937011,-0.0172605,-0.0125778,-0.0125776,-3,0,1.25661,1.25654,0,0.725773,-0.12336,0.053534,-0.0142727,0,1
sim,nmpc_acados_px4_cpp,f8_contraction,NormSpd,NotShort,NoSpin,20.0923,10.09,10.09,0.00231737,-0.0125652,0.167924,-3.12146,0.011523,1.25269,0.947393,-0.0128047,0.11303,0.112849,-3,0,1.25463,1.24861,0,0.725243,-0.127673,0.0554368,-0.0117926,0,1
sim,nmpc_acados_px4_cpp,f8_contraction,NormSpd,NotShort,NoSpin,20.1924,10.19,10.19,0.0023309,0.111472,0.263502,-3.12494,0.010281,1.26394,0.942751,-0.0073563,0.238195,0.2365,-3,0,1.24769,1.22099,0,0.724706,-0.134243,0.0691769,-0.00929822,0,1
sim,nmpc_acados_px4_cpp,f8_contraction,NormSpd,NotShort,NoSpin,20.2923,10.29,10.29,0.00230338,0.22714,0.349762,-3.12708,0.00906113,1.26866,0.923988,-0.000736596,0.362408,0.356408,-3,0,1.23583,1.17411,0,0.724882,-0.135985,0.0692338,-0.00683305,0,1
sim,nmpc_acados_px4_cpp,f8_contraction,NormSpd,NotShort,NoSpin,20.3918,10.39,10.39,0.00181146,0.353081,0.439413,-3.12831,0.00769944,1.26633,0.888026,0.00633431,0.485188,0.470694,-3,0,1.2191,1.10873,0,0.725386,-0.137549,0.0766823,-0.00446244,0,1
sim,nmpc_acados_px4_cpp,f8_contraction,NormSpd,NotShort,NoSpin,20.4922,10.49,10.49,0.00219496,0.478764,0.52256,-3.12866,0.00623007,1.25622,0.835339,0.0125331,0.606065,0.577568,-3,0,1.19755,1.02585,0,0.726128,-0.134891,0.0722375,-0.00223526,0,1
sim,nmpc_acados_px4_cpp,f8_contraction,NormSpd,NotShort,NoSpin,20.5918,10.59,10.59,0.00178407,0.593248,0.591967,-3.12843,0.00489531,1.23936,0.771685,0.0176455,0.724578,0.675354,-3,0,1.17127,0.926761,0,0.727115,-0.12472,0.0740311,-0.000199985,0,1
sim,nmpc_acados_px4_cpp,f8_contraction,NormSpd,NotShort,NoSpin,20.6917,10.69,10.69,0.00169542,0.714051,0.658236,-3.12765,0.00353558,1.21267,0.688438,0.0224002,0.840169,0.762441,-3,0,1.14038,0.813117,0,0.728171,-0.116004,0.0644272,0.00160699,0,1
sim,nmpc_acados_px4_cpp,f8_contraction,NormSpd,NotShort,NoSpin,20.7918,10.79,10.79,0.00177053,0.821614,0.710026,-3.12633,0.00238892,1.18065,0.599934,0.0252385,0.95248,0.83753,-3,0,1.10498,0.686615,0,0.729348,-0.100362,0.0583472,0.00299556,0,1
sim,nmpc_acados_px4_cpp,f8_contraction,NormSpd,NotShort,NoSpin,20.8925,10.89,10.89,0.00242932,0.933893,0.755096,-3.12485,0.00122695,1.13948,0.492653,0.0273661,1.06103,0.89941,-3,0,1.06522,0.549284,0,0.730388,-0.0902678,0.0467796,0.00415374,0,1
sim,nmpc_acados_px4_cpp,f8_contraction,NormSpd,NotShort,NoSpin,20.9926,10.99,10.99,0.00250973,1.03389,0.786222,-3.12324,0.000265289,1.09681,0.385805,0.028185,1.1654,0.947106,-3,0,1.02125,0.403281,0,0.731411,-0.0728171,0.043111,0.00517121,0,1
sim,nmpc_acados_px4_cpp,f8_contraction,NormSpd,NotShort,NoSpin,21.0926,11.09,11.09,0.00253682,1.13006,0.806363,-3.12094,-0.000593255,1.0508,0.272652,0.0279071,1.26516,0.979861,-3,0,0.973257,0.250924,0,0.732481,-0.0643668,0.0382336,0.00599546,0,1
sim,nmpc_acados_px4_cpp,f8_contraction,NormSpd,NotShort,NoSpin,21.1919,11.1901,11.1901,0.00181934,1.22961,0.815199,-3.11814,-0.00149251,0.997312,0.144565,0.0265926,1.35995,0.997164,-3,0,0.921408,0.0945768,0,0.733495,-0.0425336,0.03941,0.00678997,0,1
sim,nmpc_acados_px4_cpp,f8_contraction,NormSpd,NotShort,NoSpin,21.2926,11.29,11.29,0.00250008,1.31736,0.810843,-3.11551,-0.00219095,0.945516,0.0228865,0.0237229,1.44935,0.998734,-3,0,0.865939,-0.0632119,0,0.734291,-0.0303946,0.0395141,0.00737541,0,1
sim,nmpc_acados_px4_cpp,f8_contraction,NormSpd,NotShort,NoSpin,21.3925,11.39,11.39,0.00250844,1.40661,0.791802,-3.11323,-0.00291329,0.885968,-0.11104,0.0188727,1.53298,0.984565,-3,0,0.80708,-0.219936,0,0.73446,-0.00211794,0.0417033,0.0065716,0,1
sim,nmpc_acados_px4_cpp,f8_contraction,NormSpd,NotShort,NoSpin,21.4918,11.49,11.49,0.00178456,1.4832,0.760891,-3.11161,-0.00351636,0.827171,-0.234761,0.0144335,1.61061,0.954865,-3,0,0.745007,-0.373271,0,0.734619,0.0148993,0.0394031,0.00819536,0,1
sim,nmpc_acados_px4_cpp,f8_contraction,NormSpd,NotShort,NoSpin,21.5921,11.5901,11.5901,0.00199298,1.55889,0.71341,-3.11006,-0.00407835,0.759365,-0.36559,0.00933826,1.68192,0.91008,-3,0,0.679959,-0.520792,0,0.734231,0.0447566,0.0357121,0.00722014,0,1
sim,nmpc_acados_px4_cpp,f8_contraction,NormSpd,NotShort,NoSpin,21.692,11.69,11.69,0.00199799,1.62732,0.652506,-3.10852,-0.00452634,0.688598,-0.490041,0.00441803,1.74652,0.850997,-3,0,0.612299,-0.659949,0,0.73415,0.0589968,0.032041,0.00841436,0,1
sim,nmpc_acados_px4_cpp,f8_contraction,NormSpd,NotShort,NoSpin,21.792,11.79,11.79,0.0019586,1.67968,0.591813,-3.10743,-0.004848,0.626717,-0.587506,0.000453356,1.80427,0.778465,-3,0,0.542186,-0.788776,0,0.733671,0.0827574,0.0288652,0.00843651,0,1
sim,nmpc_acados_px4_cpp,f8_contraction,NormSpd,NotShort,NoSpin,21.8921,11.89,11.89,0.00207774,1.73069,0.516934,-3.10666,-0.00509285,0.557223,-0.684203,-0.00424065,1.85489,0.693646,-3,0,0.469925,-0.905175,0,0.73332,0.0896607,0.0272799,0.00742631,0,1
sim,nmpc_acados_px4_cpp,f8_contraction,NormSpd,NotShort,NoSpin,21.9924,11.99,11.99,0.00239794,1.77907,0.427035,-3.1067,-0.00520712,0.480521,-0.776667,-0.00951283,1.89819,0.597906,-3,0,0.395824,-1.00728,0,0.732372,0.110602,0.0247074,0.00623049,0,1
sim,nmpc_acados_px4_cpp,f8_contraction,NormSpd,NotShort,NoSpin,22.0925,12.09,12.09,0.002461,1.81697,0.337757,-3.10762,-0.00522984,0.408705,-0.84894,-0.013858,1.93401,0.492717,-3,0,0.320147,-1.09351,0,0.731681,0.115792,0.0254995,0.00700016,0,1
sim,nmpc_acados_px4_cpp,f8_contraction,NormSpd,NotShort,NoSpin,22.1924,12.19,12.19,0.00237762,1.8501,0.236426,-3.10916,-0.00530499,0.329475,-0.910873,-0.0172498,1.96218,0.379764,-3,0,0.243211,-1.16249,0,0.731039,0.116751,0.0257475,0.00694015,0,1
sim,nmpc_acados_px4_cpp,f8_contraction,NormSpd,NotShort,NoSpin,22.2919,12.29,12.29,0.00185916,1.87381,0.140715,-3.11102,-0.00546307,0.255174,-0.951951,-0.0196483,1.98261,0.26085,-3,0,0.165334,-1.21313,0,0.730407,0.114271,0.0257659,0.00817471,0,1
sim,nmpc_acados_px4_cpp,f8_contraction,NormSpd,NotShort,NoSpin,22.3919,12.39,12.39,0.00183835,1.8921,0.0361758,-3.11326,-0.00562372,0.174415,-0.97949,-0.0207423,1.99522,0.1378,-3,0,0.0867897,-1.24465,0,0.729683,0.117525,0.021701,0.00730097,0,1
sim,nmpc_acados_px4_cpp,f8_contraction,NormSpd,NotShort,NoSpin,22.4921,12.49,12.49,0.00203754,1.90139,-0.0598325,-3.11495,-0.00576802,0.0986776,-0.989755,-0.021023,1.99996,0.0125677,-3,0,0.00789665,-1.25654,0,0.729381,0.113038,0.0217413,0.00871607,0,1
sim,nmpc_acados_px4_cpp,f8_contraction,NormSpd,NotShort,NoSpin,22.5926,12.59,12.59,0.00248123,1.90279,-0.162103,-3.11639,-0.00593455,0.0156474,-0.985276,-0.0203244,1.9968,-0.112893,-3,0,-0.0710463,-1.2486,0,0.729143,0.114343,0.0133696,0.00799578,0,1
sim,nmpc_acados_px4_cpp,f8_contraction,NormSpd,NotShort,NoSpin,22.6926,12.6901,12.6901,0.00246349,1.89651,-0.25418,-3.11763,-0.00601775,-0.0608983,-0.967746,-0.019318,1.98575,-0.236584,-3,0,-0.149717,-1.22096,0,0.729075,0.112933,0.0131844,0.00954594,0,1
sim,nmpc_acados_px4_cpp,f8_contraction,NormSpd,NotShort,NoSpin,22.7925,12.79,12.79,0.00241119,1.88145,-0.350479,-3.11902,-0.00600739,-0.143858,-0.935392,-0.0174236,1.96689,-0.356428,-3,0,-0.227721,-1.1741,0,0.72901,0.117054,0.00492111,0.00856643,0,1
sim,nmpc_acados_px4_cpp,f8_contraction,NormSpd,NotShort,NoSpin,22.8919,12.89,12.89,0.00188588,1.86,-0.434646,-3.12004,-0.00589755,-0.219641,-0.893055,-0.0152256,1.94025,-0.470704,-3,0,-0.304859,-1.10872,0,0.729183,0.118961,0.00531891,0.010099,0,1
sim,nmpc_acados_px4_cpp,f8_contraction,NormSpd,NotShort,NoSpin,22.9926,12.99,12.99,0.00257853,1.82898,-0.519193,-3.12068,-0.00572793,-0.300303,-0.833558,-0.0126332,1.90596,-0.577577,-3,0,-0.380809,-1.02584,0,0.729519,0.117471,-0.00219598,0.00882885,0,1
sim,nmpc_acados_px4_cpp,f8_contraction,NormSpd,NotShort,NoSpin,23.0919,13.09,13.09,0.0018793,1.79374,-0.590164,-3.12105,-0.00554204,-0.372646,-0.766141,-0.0104807,1.86414,-0.675328,-3,0,-0.455245,-0.926792,0,0.730039,0.11522,0.00105003,0.00887122,0,1
sim,nmpc_acados_px4_cpp,f8_contraction,NormSpd,NotShort,NoSpin,23.1927,13.19,13.19,0.00265768,1.749,-0.658096,-3.12119,-0.00524642,-0.448823,-0.680599,-0.00874517,1.81496,-0.762453,-3,0,-0.527905,-0.813099,0,0.730621,0.111461,0.00539739,0.0103694,0,1
sim,nmpc_acados_px4_cpp,f8_contraction,NormSpd,NotShort,NoSpin,23.292,13.29,13.29,0.00199123,1.70193,-0.711415,-3.12131,-0.00493265,-0.516357,-0.590743,-0.00765892,1.75863,-0.83753,-3,0,-0.59846,-0.686616,0,0.731159,0.099528,0.00178229,0.0102438,0,1
sim,nmpc_acados_px4_cpp,f8_contraction,NormSpd,NotShort,NoSpin,23.3918,13.39,13.39,0.00178983,1.64523,-0.757896,-3.12138,-0.00454049,-0.586604,-0.4823,-0.00697952,1.69536,-0.8994,-3,0,-0.666654,-0.549309,0,0.731808,0.091172,0.00961427,0.00998398,0,1
sim,nmpc_acados_px4_cpp,f8_contraction,NormSpd,NotShort,NoSpin,23.4921,13.49,13.49,0.00208921,1.58746,-0.789483,-3.12123,-0.00410642,-0.649442,-0.373546,-0.00679205,1.6254,-0.947095,-3,0,-0.732224,-0.403324,0,0.732317,0.0722676,0.00523898,0.00815914,0,1
sim,nmpc_acados_px4_cpp,f8_contraction,NormSpd,NotShort,NoSpin,23.5919,13.59,13.59,0.00185351,1.51856,-0.811075,-3.12149,-0.00355495,-0.715847,-0.248283,-0.00714653,1.54901,-0.979853,-3,0,-0.794905,-0.250978,0,0.732612,0.0488977,-0.00413977,0.00776031,0,1
sim,nmpc_acados_px4_cpp,f8_contraction,NormSpd,NotShort,NoSpin,23.6924,13.69,13.69,0.00232859,1.44903,-0.819045,-3.12188,-0.00306348,-0.775927,-0.12822,-0.00775732,1.46652,-0.997158,-3,0,-0.854451,-0.0946692,0,0.733094,0.0377325,-0.00177627,0.00862284,0,1
sim,nmpc_acados_px4_cpp,f8_contraction,NormSpd,NotShort,NoSpin,23.7918,13.79,13.79,0.00176019,1.36673,-0.814326,-3.12277,-0.00253104,-0.839643,0.00441695,-0.00930561,1.37824,-0.998737,-3,0,-0.910621,0.0631254,0,0.73282,0.0144129,-0.0148573,0.00680808,0,1
sim,nmpc_acados_px4_cpp,f8_contraction,NormSpd,NotShort,NoSpin,23.8923,13.89,13.89,0.00230058,1.28513,-0.798193,-3.12376,-0.00206507,-0.896389,0.126933,-0.0106185,1.28451,-0.984565,-3,0,-0.963201,0.219933,0,0.732933,0.00482421,-0.0150316,0.00734035,0,1
sim,nmpc_acados_px4_cpp,f8_contraction,NormSpd,NotShort,NoSpin,23.9924,13.99,13.99,0.00232549,1.19143,-0.768239,-3.12487,-0.00154633,-0.954218,0.257474,-0.0118799,1.18572,-0.954867,-3,0,-1.01198,0.373265,0,0.732508,-0.0174775,-0.0268379,0.00543023,0,1
sim,nmpc_acados_px4_cpp,f8_contraction,NormSpd,NotShort,NoSpin,24.092,14.09,14.09,0.00193568,1.10035,-0.729582,-3.12635,-0.00113121,-1.00381,0.374441,-0.0134694,1.08224,-0.910106,-3,0,-1.05676,0.52072,0,0.732411,-0.0258611,-0.0235413,0.00545798,0,1
sim,nmpc_acados_px4_cpp,f8_contraction,NormSpd,NotShort,NoSpin,24.1917,14.19,14.19,0.00173051,0.997171,-0.675779,-3.12866,-0.000746819,-1.05331,0.495514,-0.0157588,0.974512,-0.851002,-3,0,-1.09737,0.659939,0,0.731322,-0.0484238,-0.033083,0.00371191,0,1
sim,nmpc_acados_px4_cpp,f8_contraction,NormSpd,NotShort,NoSpin,24.2918,14.29,14.29,0.00172805,0.898442,-0.615168,-3.13101,-0.000512945,-1.09444,0.601252,-0.0173961,0.862918,-0.778467,-3,0,-1.13365,0.788774,0,0.731399,-0.047258,-0.0165048,0.00378952,0,1
sim,nmpc_acados_px4_cpp,f8_contraction,NormSpd,NotShort,NoSpin,24.3918,14.39,14.39,0.00171518,0.787804,-0.538959,-3.13362,-0.000309815,-1.13463,0.707541,-0.0186725,0.747924,-0.693658,-3,0,-1.16546,0.905162,0,0.730703,-0.063395,-0.0155877,0.00256938,0,1
sim,nmpc_acados_px4_cpp,f8_contraction,NormSpd,NotShort,NoSpin,24.4923,14.49,14.49,0.00222065,0.681919,-0.459818,-3.13636,-0.000229284,-1.16822,0.796355,-0.0188301,0.629967,-0.5979,-3,0,-1.19267,1.00728,0,0.729883,-0.0800414,-0.0163729,0.00139861,0,1
sim,nmpc_acados_px4_cpp,f8_contraction,NormSpd,NotShort,NoSpin,24.5922,14.59,14.59,0.00217302,0.563094,-0.365891,-3.13914,-0.000202368,-1.2011,0.879904,-0.0176668,0.509545,-0.492731,-3,0,-1.21517,1.0935,0,0.728602,-0.10667,-0.0306803,0.000344861,0,1
sim,nmpc_acados_px4_cpp,f8_contraction,NormSpd,NotShort,NoSpin,24.6917,14.69,14.69,0.00170342,0.449542,-0.273654,-3.14107,-0.000190445,-1.22727,0.943061,-0.0155796,0.387108,-0.379788,-3,0,-1.23287,1.16248,0,0.72771,-0.125304,-0.0442609,-0.00072,0,1
sim,nmpc_acados_px4_cpp,f8_contraction,NormSpd,NotShort,NoSpin,24.7924,14.79,14.79,0.00233162,0.333072,-0.178168,-3.14243,-0.000105707,-1.24877,0.990502,-0.0134174,0.263132,-0.260845,-3,0,-1.24571,1.21313,0,0.727466,-0.127708,-0.0449267,-0.00178921,0,1
sim,nmpc_acados_px4_cpp,f8_contraction,NormSpd,NotShort,NoSpin,24.892,14.89,14.89,0.00197462,0.214548,-0.0806842,-3.14338,5.36084e-06,-1.26502,1.02218,-0.011071,0.138135,-0.137805,-3,0,-1.25364,1.24465,0,0.727046,-0.135074,-0.0565297,-0.00285842,0,1
sim,nmpc_acados_px4_cpp,f8_contraction,NormSpd,NotShort,NoSpin,24.9923,14.99,14.99,0.0022122,0.0954478,0.0173198,-3.14412,0.000116548,-1.27471,1.03859,-0.00848197,0.0125498,-0.0125495,-3,0,-1.25661,1.25654,0,0.727106,-0.133241,-0.0520528,-0.0032026,0,1
sim,nmpc_acados_px4_cpp,f8_contraction,NormSpd,NotShort,NoSpin,25.0923,15.09,15.09,0.00223932,-0.0331357,0.121909,-3.14476,0.000155363,-1.27699,1.03807,-0.00631763,-0.113044,0.112863,-3,0,-1.25463,1.24861,0,0.727033,-0.134266,-0.0557397,-0.00302084,0,1
sim,nmpc_acados_px4_cpp,f8_contraction,NormSpd,NotShort,NoSpin,25.1917,15.19,15.19,0.00165606,-0.151071,0.215952,-3.14553,0.000121539,-1.27265,1.0222,-0.00442194,-0.238246,0.236549,-3,0,-1.24769,1.22097,0,0.726991,-0.130188,-0.0480247,-0.00447953,0,1
sim,nmpc_acados_px4_cpp,f8_contraction,NormSpd,NotShort,NoSpin,25.2919,15.29,15.29,0.00177477,-0.277207,0.314048,-3.14591,-2.73708e-05,-1.26156,0.989248,-0.00164838,-0.362467,0.356465,-3,0,-1.23583,1.17409,0,0.727152,-0.127166,-0.0389894,-0.00483004,0,1
sim,nmpc_acados_px4_cpp,f8_contraction,NormSpd,NotShort,NoSpin,25.3925,15.39,15.39,0.00240845,-0.401276,0.40643,-3.14546,-0.000267831,-1.24442,0.94051,0.00128055,-0.485231,0.470733,-3,0,-1.21909,1.1087,0,0.727645,-0.124728,-0.0395565,-0.00484428,0,1
sim,nmpc_acados_px4_cpp,f8_contraction,NormSpd,NotShort,NoSpin,25.4927,15.49,15.49,0.00258768,-0.513565,0.485606,-3.14455,-0.000521948,-1.22335,0.882252,0.0035934,-0.606127,0.577621,-3,0,-1.19754,1.0258,0,0.728378,-0.119688,-0.0392249,-0.00465751,0,1
sim,nmpc_acados_px4_cpp,f8_contraction,NormSpd,NotShort,NoSpin,25.5925,15.59,15.59,0.00244744,-0.623348,0.557817,-3.14339,-0.000854748,-1.19823,0.812522,0.00562367,-0.724569,0.675347,-3,0,-1.17127,0.92677,0,0.729109,-0.116217,-0.0329663,-0.00443399,0,1
sim,nmpc_acados_px4_cpp,f8_contraction,NormSpd,NotShort,NoSpin,25.6918,15.69,15.69,0.0017537,-0.739207,0.626917,-3.14167,-0.00119815,-1.167,0.724534,0.00721038,-0.84022,0.762477,-3,0,-1.14036,0.813063,0,0.730048,-0.107257,-0.0358168,-0.00404436,0,1
sim,nmpc_acados_px4_cpp,f8_contraction,NormSpd,NotShort,NoSpin,25.7923,15.79,15.79,0.00227496,-0.851159,0.68521,-3.13967,-0.00160085,-1.13176,0.623901,0.00740693,-0.952501,0.837544,-3,0,-1.10497,0.686589,0,0.730871,-0.100221,-0.0325946,-0.00362914,0,1
sim,nmpc_acados_px4_cpp,f8_contraction,NormSpd,NotShort,NoSpin,25.8924,15.89,15.89,0.00237242,-0.950629,0.728498,-3.13796,-0.00202015,-1.0957,0.521657,0.00696013,-1.06104,0.899412,-3,0,-1.06522,0.549278,0,0.731632,-0.0922642,-0.0299292,-0.00307804,0,1
sim,nmpc_acados_px4_cpp,f8_contraction,NormSpd,NotShort,NoSpin,25.9919,15.99,15.99,0.0018617,-1.05403,0.763276,-3.13595,-0.00242399,-1.05368,0.402258,0.00571416,-1.16538,0.9471,-3,0,-1.02126,0.403304,0,0.732431,-0.073119,-0.0347939,-0.00238663,0,1
sim,nmpc_acados_px4_cpp,f8_contraction,NormSpd,NotShort,NoSpin,26.0919,16.09,16.09,0.00190941,-1.14502,0.783315,-3.13468,-0.00273719,-1.01156,0.285235,0.00411651,-1.26513,0.979853,-3,0,-0.973274,0.250977,0,0.732932,-0.0516569,-0.0378023,-0.00167836,0,1
sim,nmpc_acados_px4_cpp,f8_contraction,NormSpd,NotShort,NoSpin,26.1926,16.1901,16.1901,0.00245837,-1.23884,0.791907,-3.13414,-0.00303396,-0.962536,0.153998,0.00177742,-1.35996,0.997164,-3,0,-0.921405,0.0945682,0,0.733176,-0.0405132,-0.0359739,-0.0010407,0,1
sim,nmpc_acados_px4_cpp,f8_contraction,NormSpd,NotShort,NoSpin,26.2923,16.29,16.29,0.00227456,-1.31417,0.788238,-3.13407,-0.00321708,-0.918425,0.0408761,-0.000764176,-1.44931,0.998737,-3,0,-0.865963,-0.0631463,0,0.733075,-0.0176826,-0.0385003,-0.000332442,0,1
sim,nmpc_acados_px4_cpp,f8_contraction,NormSpd,NotShort,NoSpin,26.3924,16.39,16.39,0.00230068,-1.39192,0.772802,-3.13435,-0.00341439,-0.868161,-0.0828084,-0.00337371,-1.533,0.98456,-3,0,-0.807068,-0.219968,0,0.732999,-0.00631946,-0.0390568,0.00149404,0,1
sim,nmpc_acados_px4_cpp,f8_contraction,NormSpd,NotShort,NoSpin,26.4919,16.49,16.49,0.00182132,-1.47086,0.743277,-3.13493,-0.00356856,-0.81113,-0.215741,-0.00621864,-1.61061,0.954865,-3,0,-0.745007,-0.373271,0,0.73257,0.0218511,-0.042535,0.00352856,0,1
sim,nmpc_acados_px4_cpp,f8_contraction,NormSpd,NotShort,NoSpin,26.5919,16.59,16.59,0.00191238,-1.53872,0.704343,-3.13573,-0.00362269,-0.756036,-0.335751,-0.00828581,-1.68189,0.910105,-3,0,-0.679992,-0.520721,0,0.732446,0.0364515,-0.044063,0.00277718,0,1
sim,nmpc_acados_px4_cpp,f8_contraction,NormSpd,NotShort,NoSpin,26.6925,16.69,16.69,0.00244062,-1.60658,0.65009,-3.13661,-0.00355879,-0.693716,-0.460401,-0.0102247,-1.74652,0.850995,-3,0,-0.612297,-0.659954,0,0.73194,0.0634112,-0.0458041,0.00451735,0,1
sim,nmpc_acados_px4_cpp,f8_contraction,NormSpd,NotShort,NoSpin,26.7919,16.7901,16.7901,0.00180191,-1.66377,0.590038,-3.13731,-0.00342174,-0.633524,-0.568325,-0.0117577,-1.8043,0.778419,-3,0,-0.542145,-0.788847,0,0.731872,0.0742685,-0.0464861,0.00357107,0,1
sim,nmpc_acados_px4_cpp,f8_contraction,NormSpd,NotShort,NoSpin,26.892,16.89,16.89,0.00200663,-1.71927,0.515207,-3.13769,-0.00325547,-0.564736,-0.674942,-0.0134046,-1.85489,0.693661,-3,0,-0.469938,-0.905157,0,0.731847,0.0826417,-0.0461978,0.00388206,0,1
sim,nmpc_acados_px4_cpp,f8_contraction,NormSpd,NotShort,NoSpin,26.9918,16.99,16.99,0.00172871,-1.76365,0.438101,-3.13776,-0.00295219,-0.497533,-0.762345,-0.0151606,-1.89819,0.597914,-3,0,-0.39583,-1.00727,0,0.731842,0.0911384,-0.0434514,0.00260041,0,1
sim,nmpc_acados_px4_cpp,f8_contraction,NormSpd,NotShort,NoSpin,27.092,17.09,17.09,0.00190943,-1.80389,0.347728,-3.13771,-0.00254257,-0.421093,-0.843745,-0.0170534,-1.93401,0.49272,-3,0,-0.320149,-1.09351,0,0.731478,0.108879,-0.0355512,0.00375288,0,1
sim,nmpc_acados_px4_cpp,f8_contraction,NormSpd,NotShort,NoSpin,27.1922,17.19,17.19,0.00214137,-1.83324,0.259444,-3.13805,-0.0020019,-0.347065,-0.904977,-0.0189904,-1.96219,0.37976,-3,0,-0.243209,-1.1625,0,0.731267,0.112561,-0.0300975,0.00199702,0,1
sim,nmpc_acados_px4_cpp,f8_contraction,NormSpd,NotShort,NoSpin,27.2921,17.29,17.29,0.00207098,-1.85672,0.160401,-3.1389,-0.00131742,-0.264784,-0.95562,-0.0209829,-1.98261,0.260849,-3,0,-0.165334,-1.21313,0,0.730624,0.123402,-0.0197567,0.00242564,0,1
sim,nmpc_acados_px4_cpp,f8_contraction,NormSpd,NotShort,NoSpin,27.3918,17.39,17.39,0.00171668,-1.87067,0.0675608,-3.13991,-0.000637103,-0.188012,-0.987092,-0.0222917,-1.99523,0.137781,-3,0,-0.0867773,-1.24465,0,0.730241,0.122238,-0.017008,0.000261057,0,1
sim,nmpc_acados_px4_cpp,f8_contraction,NormSpd,NotShort,NoSpin,27.4917,17.49,17.49,0.00170715,-1.87709,-0.0330996,-3.14095,0.000151282,-0.104142,-1.00423,-0.02285,-1.99996,0.0125683,-3,0,-0.00789708,-1.25654,0,0.729759,0.124974,-0.00836265,0.000255243,0,1
sim,nmpc_acados_px4_cpp,f8_contraction,NormSpd,NotShort,NoSpin,27.6,17.59,17.59,0.00214886,-1.87584,-0.125102,-3.14211,0.000947474,-0.0272667,-1.00512,-0.0227673,-1.9968,-0.112858,-3,0,0.0710245,-1.24861,0,0.729458,0.12186,-0.00851331,-0.00212667,0,1
sim,nmpc_acados_px4_cpp,f8_contraction,NormSpd,NotShort,NoSpin,27.692,17.69,17.69,0.00195293,-1.86691,-0.222289,-3.14401,0.00179169,0.0544275,-0.990507,-0.0218833,-1.98576,-0.236502,-3,0,0.149664,-1.22099,0,0.729012,0.123792,-0.00392512,-0.00236595,0,1
sim,nmpc_acados_px4_cpp,f8_contraction,NormSpd,NotShort,NoSpin,27.7917,17.79,17.79,0.00167425,-1.85166,-0.30881,-3.14639,0.00255208,0.128273,-0.963031,-0.0205669,-1.96689,-0.356406,-3,0,0.227706,-1.17412,0,0.728561,0.123319,-0.00800824,-0.00469816,0,1
sim,nmpc_acados_px4_cpp,f8_contraction,NormSpd,NotShort,NoSpin,27.8917,17.89,17.89,0.00165254,-1.83018,-0.390612,-3.14877,0.0032715,0.200543,-0.922521,-0.0182683,-1.94025,-0.470699,-3,0,0.304856,-1.10872,0,0.728312,0.123296,-0.0131441,-0.00600074,0,1
sim,nmpc_acados_px4_cpp,f8_contraction,NormSpd,NotShort,NoSpin,27.9917,17.99,17.99,0.00167388,-1.80005,-0.47268,-3.15132,0.0040067,0.276925,-0.864834,-0.0149568,-1.90596,-0.577566,-3,0,0.380801,-1.02585,0,0.728163,0.120857,-0.00907232,-0.00729332,0,1
sim,nmpc_acados_px4_cpp,f8_contraction,NormSpd,NotShort,NoSpin,28.0918,18.09,18.09,0.00175873,-1.76649,-0.541611,-3.15354,0.00464426,0.345785,-0.799203,-0.0111548,-1.86414,-0.675342,-3,0,0.455256,-0.926775,0,0.728329,0.118177,-0.0157265,-0.00852202,0,1
sim,nmpc_acados_px4_cpp,f8_contraction,NormSpd,NotShort,NoSpin,28.1924,18.19,18.19,0.00233986,-1.72489,-0.607197,-3.15548,0.00522587,0.417818,-0.715236,-0.00686682,-1.81497,-0.762444,-3,0,0.527897,-0.813112,0,0.728703,0.109207,-0.0130269,-0.00966357,0,1
sim,nmpc_acados_px4_cpp,f8_contraction,NormSpd,NotShort,NoSpin,28.2917,18.29,18.29,0.00171858,-1.67764,-0.662627,-3.15652,0.00560662,0.487778,-0.619243,-0.00257158,-1.75864,-0.837521,-3,0,0.598451,-0.686633,0,0.729415,0.096217,-0.0103584,-0.00920412,0,1
sim,nmpc_acados_px4_cpp,f8_contraction,NormSpd,NotShort,NoSpin,28.3923,18.39,18.39,0.00224694,-1.62854,-0.704127,-3.15661,0.00584173,0.551351,-0.521375,0.000633,-1.69536,-0.8994,-3,0,0.666654,-0.549309,0,0.730443,0.0897936,-0.0169872,-0.0113318,0,1
sim,nmpc_acados_px4_cpp,f8_contraction,NormSpd,NotShort,NoSpin,28.4917,18.49,18.49,0.00169399,-1.56918,-0.737288,-3.15604,0.00601548,0.619455,-0.406454,0.00261903,-1.62539,-0.947096,-3,0,0.732227,-0.403317,0,0.731349,0.0720042,-0.00875969,-0.010561,0,1
sim,nmpc_acados_px4_cpp,f8_contraction,NormSpd,NotShort,NoSpin,28.5924,18.59,18.59,0.0023825,-1.50831,-0.755946,-3.15545,0.00618476,0.682238,-0.29284,0.00299703,-1.54901,-0.979853,-3,0,0.794907,-0.250973,0,0.73224,0.0604699,-0.00983883,-0.012598,0,1
sim,nmpc_acados_px4_cpp,f8_contraction,NormSpd,NotShort,NoSpin,28.6917,18.69,18.69,0.00170043,-1.4361,-0.762201,-3.15492,0.00646856,0.748733,-0.163609,0.00253453,-1.46651,-0.997159,-3,0,0.854453,-0.0946622,0,0.732961,0.0474494,-0.0106854,-0.0132032,0,1
sim,nmpc_acados_px4_cpp,f8_contraction,NormSpd,NotShort,NoSpin,28.792,18.79,18.79,0.00193896,-1.36423,-0.754351,-3.15526,0.00688603,0.808457,-0.0402763,0.00145921,-1.37824,-0.998738,-3,0,0.910619,0.0631197,0,0.732948,0.0193124,0.00104202,-0.0139994,0,1
sim,nmpc_acados_px4_cpp,f8_contraction,NormSpd,NotShort,NoSpin,28.8923,18.89,18.89,0.00222405,-1.28095,-0.732231,-3.156,0.00742471,0.870633,0.0940515,-0.000203047,-1.2845,-0.984563,-3,0,0.963207,0.219952,0,0.73302,0.00398802,-3.11804e-05,-0.0146011,0,1
sim,nmpc_acados_px4_cpp,f8_contraction,NormSpd,NotShort,NoSpin,28.9917,18.99,18.99,0.00166813,-1.19917,-0.700312,-3.1568,0.00784222,0.925719,0.215413,-0.00166473,-1.18572,-0.954867,-3,0,1.01198,0.373263,0,0.732532,-0.0209455,0.0114284,-0.0144298,0,1
sim,nmpc_acados_px4_cpp,f8_contraction,NormSpd,NotShort,NoSpin,29.0918,19.09,19.09,0.0017225,-1.10545,-0.65399,-3.15817,0.00815277,0.982239,0.341336,-0.00385433,-1.08223,-0.910102,-3,0,1.05677,0.520731,0,0.733009,-0.0163079,-0.00199885,-0.0156331,0,1
sim,nmpc_acados_px4_cpp,f8_contraction,NormSpd,NotShort,NoSpin,29.1917,19.19,19.19,0.00168919,-1.01441,-0.601374,-3.1597,0.00829449,1.03177,0.451029,-0.00634204,-0.974507,-0.850999,-3,0,1.09737,0.659945,0,0.73214,-0.0383307,0.0135214,-0.0154367,0,1
sim,nmpc_acados_px4_cpp,f8_contraction,NormSpd,NotShort,NoSpin,29.2925,19.29,19.29,0.00245059,-0.919111,-0.539644,-3.16159,0.00835758,1.07838,0.55352,-0.00841904,-0.862901,-0.778455,-3,0,1.13366,0.788792,0,0.731671,-0.0470372,0.0159093,-0.0148749,0,1
sim,nmpc_acados_px4_cpp,f8_contraction,NormSpd,NotShort,NoSpin,29.3918,19.39,19.39,0.00179758,-0.810912,-0.463189,-3.164,0.00839235,1.12543,0.655502,-0.0102095,-0.747926,-0.693659,-3,0,1.16546,0.90516,0,0.73048,-0.0699892,0.032738,-0.0141183,0,1
sim,nmpc_acados_px4_cpp,f8_contraction,NormSpd,NotShort,NoSpin,29.4925,19.49,19.49,0.00243435,-0.715896,-0.391965,-3.16615,0.0083755,1.16168,0.732683,-0.0113494,-0.629968,-0.5979,-3,0,1.19267,1.00728,0,0.729751,-0.0787409,0.0344048,-0.0130451,0,1
sim,nmpc_acados_px4_cpp,f8_contraction,NormSpd,NotShort,NoSpin,29.5923,19.59,19.59,0.00230738,-0.60026,-0.301285,-3.16844,0.00825483,1.20005,0.812014,-0.0114755,-0.509537,-0.492724,-3,0,1.21517,1.09351,0,0.729197,-0.0883491,0.0369812,-0.0119705,0,1
sim,nmpc_acados_px4_cpp,f8_contraction,NormSpd,NotShort,NoSpin,29.6918,19.69,19.69,0.00180186,-0.481002,-0.204831,-3.17047,0.00809113,1.23259,0.877833,-0.010837,-0.387105,-0.379785,-3,0,1.23287,1.16248,0,0.728238,-0.107824,0.05014,-0.0107632,0,1
sim,nmpc_acados_px4_cpp,f8_contraction,NormSpd,NotShort,NoSpin,29.7918,19.79,19.79,0.00173675,-0.368017,-0.11227,-3.17171,0.00786805,1.25722,0.924187,-0.00939261,-0.263138,-0.26085,-3,0,1.24571,1.21313,0,0.727685,-0.121395,0.0597002,-0.00942817,0,1
sim,nmpc_acados_px4_cpp,f8_contraction,NormSpd,NotShort,NoSpin,29.8928,19.8901,19.8901,0.00264037,-0.243066,-0.0100743,-3.17267,0.00746371,1.277,0.95827,-0.00784866,-0.13802,-0.13769,-3,0,1.25364,1.24467,0,0.727578,-0.122261,0.0561946,-0.00794229,0,1
sim,nmpc_acados_px4_cpp,f8_contraction,NormSpd,NotShort,NoSpin,29.9927,19.99,19.99,0.0026319,-0.126455,0.0845933,-3.17318,0.00697509,1.28877,0.974195,-0.00621945,-0.0125102,-0.01251,-3,0,1.25661,1.25654,0,0.727383,-0.127443,0.0619055,-0.00635138,0,1
sim,nmpc_acados_px4_cpp,f8_contraction,NormSpd,NotShort,NoSpin,30.0926,20.09,20.09,0.00253374,4.90681e-05,0.185974,-3.17346,0.00641591,1.29437,0.974624,-0.00488207,0.113089,0.112908,-3,0,1.25463,1.2486,0,0.727464,-0.124796,0.0548169,-0.00484,0,1
sim,nmpc_acados_px4_cpp,f8_contraction,NormSpd,NotShort,NoSpin,30.192,20.19,20.19,0.00189777,0.116849,0.277104,-3.17388,0.0058395,1.29314,0.96001,-0.00352569,0.238192,0.236496,-3,0,1.24769,1.22099,0,0.727389,-0.125713,0.0579804,-0.00330673,0,1
sim,nmpc_acados_px4_cpp,f8_contraction,NormSpd,NotShort,NoSpin,30.292,20.29,20.29,0.0019233,0.24291,0.37171,-3.17428,0.00523332,1.28557,0.928986,-0.00196031,0.362413,0.356413,-3,0,1.23583,1.17411,0,0.727497,-0.123653,0.051493,-0.00202521,0,1
sim,nmpc_acados_px4_cpp,f8_contraction,NormSpd,NotShort,NoSpin,30.392,20.39,20.39,0.00192775,0.357996,0.453507,-3.17455,0.00463871,1.2732,0.88612,-0.000186104,0.485208,0.470712,-3,0,1.2191,1.10871,0,0.72766,-0.121804,0.0457427,-0.000698432,0,1
sim,nmpc_acados_px4_cpp,f8_contraction,NormSpd,NotShort,NoSpin,30.494,20.49,20.49,0.0038559,0.470905,0.528668,-3.17446,0.00399372,1.25517,0.830229,0.00204249,0.606063,0.577566,-3,0,1.19755,1.02585,0,0.728048,-0.116412,0.0473071,0.000534768,0,1
sim,nmpc_acados_px4_cpp,f8_contraction,NormSpd,NotShort,NoSpin,30.5926,20.59,20.59,0.00256346,0.590027,0.601294,-3.17391,0.00325955,1.22981,0.75561,0.00441179,0.724567,0.675346,-3,0,1.17127,0.926772,0,0.728597,-0.110588,0.0388053,0.00166429,0,1
sim,nmpc_acados_px4_cpp,f8_contraction,NormSpd,NotShort,NoSpin,30.6921,20.69,20.69,0.00202934,0.696699,0.659111,-3.17329,0.00265754,1.20111,0.675131,0.00632776,0.840165,0.762438,-3,0,1.14038,0.813121,0,0.729264,-0.0989709,0.0377434,0.00257482,0,1
sim,nmpc_acados_px4_cpp,f8_contraction,NormSpd,NotShort,NoSpin,30.7922,20.79,20.79,0.00213015,0.800245,0.707462,-3.17264,0.00207488,1.16865,0.584886,0.00768877,0.952467,0.837522,-3,0,1.10498,0.686631,0,0.729883,-0.0844999,0.0380633,0.000656769,0,1
sim,nmpc_acados_px4_cpp,f8_contraction,NormSpd,NotShort,NoSpin,30.892,20.89,20.89,0.00197781,0.90038,0.745211,-3.17193,0.00155766,1.13288,0.485502,0.00882629,1.06104,0.899416,-3,0,1.06521,0.549267,0,0.730434,-0.073215,0.0347638,0.00266264,0,1
sim,nmpc_acados_px4_cpp,f8_contraction,NormSpd,NotShort,NoSpin,30.9926,20.99,20.99,0.0025601,1.00478,0.773716,-3.17112,0.00105888,1.09126,0.369406,0.00920063,1.16539,0.9471,-3,0,1.02126,0.403303,0,0.730888,-0.051208,0.0392657,0.0018883,0,1
sim,nmpc_acados_px4_cpp,f8_contraction,NormSpd,NotShort,NoSpin,31.092,21.09,21.09,0.00197864,1.09791,0.788418,-3.17018,0.000636087,1.05053,0.25659,0.00930696,1.26517,0.979863,-3,0,0.973253,0.250914,0,0.731481,-0.0507087,0.03609,0.00495327,0,1
sim,nmpc_acados_px4_cpp,f8_contraction,NormSpd,NotShort,NoSpin,31.1921,21.19,21.19,0.0020527,1.19524,0.790847,-3.16887,0.000171651,1.00413,0.129572,0.00871797,1.35992,0.997161,-3,0,0.921426,0.0946299,0,0.73194,-0.0265275,0.0442885,0.00397466,0,1
sim,nmpc_acados_px4_cpp,f8_contraction,NormSpd,NotShort,NoSpin,31.2927,21.29,21.29,0.0026212,1.28109,0.781509,-3.16745,-0.000316277,0.958273,0.0105035,0.00766088,1.44932,0.998736,-3,0,0.865958,-0.0631604,0,0.732524,-0.0141449,0.0473222,0.00562646,0,1
sim,nmpc_acados_px4_cpp,f8_contraction,NormSpd,NotShort,NoSpin,31.3927,21.39,21.39,0.00262515,1.36947,0.759297,-3.16644,-0.000915922,0.904567,-0.11779,0.00572092,1.53299,0.984564,-3,0,0.807077,-0.219945,0,0.732696,0.00673045,0.0506173,0.00457396,0,1
sim,nmpc_acados_px4_cpp,f8_contraction,NormSpd,NotShort,NoSpin,31.492,21.49,21.49,0.00198856,1.44616,0.728167,-3.16596,-0.00147429,0.850945,-0.233331,0.00327051,1.61062,0.954864,-3,0,0.745005,-0.373276,0,0.73277,0.0122394,0.0500892,0.00610116,0,1
sim,nmpc_acados_px4_cpp,f8_contraction,NormSpd,NotShort,NoSpin,31.5919,21.59,21.59,0.00182635,1.52352,0.683809,-3.16608,-0.0020748,0.788245,-0.353691,0.0006663,1.68189,0.910106,-3,0,0.679993,-0.520719,0,0.732442,0.0294342,0.0487077,0.00495093,0,1
sim,nmpc_acados_px4_cpp,f8_contraction,NormSpd,NotShort,NoSpin,31.6918,21.69,21.69,0.00179305,1.58918,0.633123,-3.16656,-0.00260875,0.72626,-0.459336,-0.0014546,1.74652,0.851,-3,0,0.612302,-0.659943,0,0.732359,0.0334017,0.045668,0.0063621,0,1
sim,nmpc_acados_px4_cpp,f8_contraction,NormSpd,NotShort,NoSpin,31.7919,21.79,21.79,0.00186875,1.65416,0.568365,-3.16743,-0.00307932,0.655332,-0.566236,-0.00391101,1.80427,0.778466,-3,0,0.542187,-0.788775,0,0.731799,0.0512793,0.0421379,0.00517656,0,1
sim,nmpc_acados_px4_cpp,f8_contraction,NormSpd,NotShort,NoSpin,31.8918,21.89,21.89,0.00175123,1.70819,0.500211,-3.16869,-0.0034246,0.587117,-0.657253,-0.00576587,1.85491,0.693613,-3,0,0.469898,-0.905216,0,0.731497,0.0580036,0.0408574,0.00642646,0,1
sim,nmpc_acados_px4_cpp,f8_contraction,NormSpd,NotShort,NoSpin,31.9918,21.99,21.99,0.00177651,1.75936,0.417669,-3.17029,-0.00368748,0.509922,-0.746503,-0.00709235,1.89819,0.597904,-3,0,0.395823,-1.00728,0,0.73073,0.0792783,0.0357441,0.00510022,0,1
sim,nmpc_acados_px4_cpp,f8_contraction,NormSpd,NotShort,NoSpin,32.0924,22.09,22.09,0.00237231,1.79951,0.333981,-3.17171,-0.00379606,0.436298,-0.81965,-0.00745134,1.93401,0.492718,-3,0,0.320148,-1.09351,0,0.730395,0.0910167,0.0335984,0.00620293,0,1
sim,nmpc_acados_px4_cpp,f8_contraction,NormSpd,NotShort,NoSpin,32.1918,22.19,22.19,0.00177535,1.83514,0.236527,-3.17302,-0.00384921,0.354347,-0.887069,-0.00724565,1.96218,0.379776,-3,0,0.243219,-1.16249,0,0.729786,0.11427,0.0270957,0.00475787,0,1
sim,nmpc_acados_px4_cpp,f8_contraction,NormSpd,NotShort,NoSpin,32.292,22.29,22.29,0.00191227,1.86019,0.142592,-3.1741,-0.00383361,0.276451,-0.935691,-0.00664766,1.98262,0.260793,-3,0,0.165297,-1.21315,0,0.729538,0.122552,0.0237828,0.00598801,0,1
sim,nmpc_acados_px4_cpp,f8_contraction,NormSpd,NotShort,NoSpin,32.3923,22.39,22.39,0.00227264,1.87911,0.0383097,-3.17497,-0.00383205,0.191138,-0.972219,-0.00552838,1.99522,0.137795,-3,0,0.0867867,-1.24465,0,0.729191,0.13484,0.0153038,0.00471752,0,1
sim,nmpc_acados_px4_cpp,f8_contraction,NormSpd,NotShort,NoSpin,32.492,22.49,22.49,0.0020076,1.88893,-0.0590686,-3.17576,-0.00378816,0.111778,-0.990334,-0.00429124,1.99996,0.0125815,-3,0,0.00790532,-1.25654,0,0.729113,0.135548,0.0140861,0.00610305,0,1
sim,nmpc_acados_px4_cpp,f8_contraction,NormSpd,NotShort,NoSpin,32.5918,22.59,22.59,0.00175215,1.89172,-0.156177,-3.1765,-0.00372806,0.033074,-0.99305,-0.00293143,1.9968,-0.112847,-3,0,-0.0710173,-1.24861,0,0.729057,0.134588,0.0156117,0.00629644,0,1
sim,nmpc_acados_px4_cpp,f8_contraction,NormSpd,NotShort,NoSpin,32.6918,22.69,22.69,0.00175916,1.88696,-0.259426,-3.17692,-0.00359024,-0.0512071,-0.978838,-0.00127216,1.98577,-0.236491,-3,0,-0.149657,-1.22099,0,0.729102,0.136072,0.0105622,0.0063244,0,1
sim,nmpc_acados_px4_cpp,f8_contraction,NormSpd,NotShort,NoSpin,32.7924,22.79,22.79,0.00235472,1.87375,-0.358875,-3.17681,-0.00340975,-0.134995,-0.94735,0.000856883,1.96689,-0.356406,-3,0,-0.227706,-1.17412,0,0.729423,0.134467,0.00454364,0.00494881,0,1
sim,nmpc_acados_px4_cpp,f8_contraction,NormSpd,NotShort,NoSpin,32.8917,22.89,22.89,0.00168262,1.85447,-0.44522,-3.17639,-0.00321719,-0.210909,-0.902501,0.00216337,1.94026,-0.470693,-3,0,-0.304852,-1.10873,0,0.729873,0.128504,0.00687131,0.00502993,0,1
sim,nmpc_acados_px4_cpp,f8_contraction,NormSpd,NotShort,NoSpin,32.9917,22.99,22.99,0.00169612,1.82566,-0.530725,-3.17647,-0.00302615,-0.29224,-0.837397,0.00342832,1.90596,-0.577563,-3,0,-0.380798,-1.02585,0,0.730183,0.120538,0.00953069,0.00668119,0,1
sim,nmpc_acados_px4_cpp,f8_contraction,NormSpd,NotShort,NoSpin,33.0919,23.09,23.09,0.00180832,1.79215,-0.60132,-3.17696,-0.0028715,-0.365593,-0.764029,0.00417981,1.86413,-0.675355,-3,0,-0.455267,-0.92676,0,0.730388,0.112342,0.0128909,0.00830288,0,1
sim,nmpc_acados_px4_cpp,f8_contraction,NormSpd,NotShort,NoSpin,33.1921,23.19,23.19,0.00204118,1.75209,-0.662929,-3.17717,-0.00263872,-0.437689,-0.679416,0.00514505,1.81497,-0.762446,-3,0,-0.527899,-0.813109,0,0.730696,0.104253,0.0140947,0.00840345,0,1
sim,nmpc_acados_px4_cpp,f8_contraction,NormSpd,NotShort,NoSpin,33.2917,23.29,23.29,0.00169051,1.70144,-0.718856,-3.1762,-0.00231048,-0.514525,-0.576509,0.00689252,1.75864,-0.837522,-3,0,-0.598452,-0.686632,0,0.731329,0.0883614,0.00261835,0.00845973,0,1
sim,nmpc_acados_px4_cpp,f8_contraction,NormSpd,NotShort,NoSpin,33.3921,23.39,23.39,0.00205825,1.64316,-0.763004,-3.17444,-0.00193092,-0.589932,-0.46416,0.00769236,1.69534,-0.899419,-3,0,-0.666676,-0.549262,0,0.732263,0.0797164,0.00204063,0.0083562,0,1
sim,nmpc_acados_px4_cpp,f8_contraction,NormSpd,NotShort,NoSpin,33.4922,23.49,23.49,0.0021444,1.58821,-0.790417,-3.17273,-0.00165261,-0.651886,-0.362876,0.00734964,1.62538,-0.947101,-3,0,-0.732234,-0.4033,0,0.732924,0.0630338,-0.00777205,0.00816958,0,1
sim,nmpc_acados_px4_cpp,f8_contraction,NormSpd,NotShort,NoSpin,33.5917,23.59,23.59,0.00171773,1.52255,-0.808764,-3.17085,-0.00131961,-0.716841,-0.246797,0.0060699,1.54901,-0.979853,-3,0,-0.794905,-0.250978,0,0.733591,0.0532312,-0.00540094,0.00634133,0,1
sim,nmpc_acados_px4_cpp,f8_contraction,NormSpd,NotShort,NoSpin,33.6918,23.69,23.69,0.00174779,1.44519,-0.814884,-3.16894,-0.000987813,-0.784316,-0.116086,0.00385932,1.46652,-0.997158,-3,0,-0.854452,-0.0946666,0,0.733803,0.0284383,-0.0167261,0.00600014,0,1
sim,nmpc_acados_px4_cpp,f8_contraction,NormSpd,NotShort,NoSpin,33.7923,23.79,23.79,0.00229494,1.36198,-0.806623,-3.16662,-0.000791087,-0.848277,0.0175494,0.00133395,1.37823,-0.998737,-3,0,-0.910623,0.0631315,0,0.734363,0.0151862,-0.0133303,0.00563956,0,1
sim,nmpc_acados_px4_cpp,f8_contraction,NormSpd,NotShort,NoSpin,33.8918,23.89,23.89,0.00175686,1.27994,-0.786238,-3.16453,-0.000661218,-0.903841,0.141482,-0.00192626,1.28451,-0.984565,-3,0,-0.963201,0.219933,0,0.734287,-0.0115994,-0.022095,0.0052481,0,1
sim,nmpc_acados_px4_cpp,f8_contraction,NormSpd,NotShort,NoSpin,33.9922,23.99,23.99,0.00221065,1.18576,-0.750551,-3.1627,-0.000618551,-0.959524,0.273494,-0.00591814,1.18572,-0.954867,-3,0,-1.01198,0.373263,0,0.734415,-0.023384,-0.0164539,0.00477612,0,1
sim,nmpc_acados_px4_cpp,f8_contraction,NormSpd,NotShort,NoSpin,34.0923,24.09,24.09,0.0022548,1.0937,-0.706115,-3.16149,-0.000515921,-1.00767,0.390361,-0.010044,1.08224,-0.910105,-3,0,-1.05676,0.520722,0,0.733757,-0.0459087,-0.0251101,0.00367991,0,1
sim,nmpc_acados_px4_cpp,f8_contraction,NormSpd,NotShort,NoSpin,34.1923,24.19,24.19,0.00225636,0.988761,-0.646871,-3.16031,-0.000321759,-1.05627,0.509266,-0.0149801,0.974498,-0.850993,-3,0,-1.09737,0.659956,0,0.733562,-0.0530983,-0.0233574,0.0034691,0,1
sim,nmpc_acados_px4_cpp,f8_contraction,NormSpd,NotShort,NoSpin,34.2918,24.29,24.29,0.00173113,0.888075,-0.582879,-3.15989,-0.00015003,-1.09681,0.610188,-0.0196113,0.862916,-0.778465,-3,0,-1.13365,0.788776,0,0.732544,-0.0715556,-0.0341703,0.00266451,0,1
sim,nmpc_acados_px4_cpp,f8_contraction,NormSpd,NotShort,NoSpin,34.3924,24.39,24.39,0.00232352,0.784349,-0.510802,-3.16003,1.80239e-05,-1.13242,0.701534,-0.0234734,0.747876,-0.69362,-3,0,-1.16547,0.905207,0,0.732023,-0.0755834,-0.0290411,0.00168934,0,1
sim,nmpc_acados_px4_cpp,f8_contraction,NormSpd,NotShort,NoSpin,34.4921,24.49,24.49,0.00200696,0.669065,-0.425021,-3.16085,0.000160843,-1.1661,0.788498,-0.0272497,0.629926,-0.597865,-3,0,-1.19268,1.00732,0,0.730826,-0.0916526,-0.0368349,0.000732211,0,1
sim,nmpc_acados_px4_cpp,f8_contraction,NormSpd,NotShort,NoSpin,34.5918,24.59,24.59,0.00174795,0.551296,-0.332893,-3.16207,0.00034014,-1.19419,0.861756,-0.0296628,0.509551,-0.492736,-3,0,-1.21517,1.0935,0,0.730167,-0.0940667,-0.0304797,-0.000317531,0,1
sim,nmpc_acados_px4_cpp,f8_contraction,NormSpd,NotShort,NoSpin,34.6918,24.69,24.69,0.00177225,0.440795,-0.243995,-3.16362,0.000474408,-1.21519,0.916074,-0.0314919,0.387091,-0.379771,-3,0,-1.23288,1.16249,0,0.729442,-0.0953416,-0.0241643,-0.00134314,0,1
sim,nmpc_acados_px4_cpp,f8_contraction,NormSpd,NotShort,NoSpin,34.7919,24.7901,24.7901,0.00177615,0.319574,-0.144886,-3.16606,0.00062365,-1.23315,0.96043,-0.0322388,0.263056,-0.260771,-3,0,-1.24572,1.21316,0,0.728252,-0.106518,-0.0325892,-0.00222372,0,1
sim,nmpc_acados_px4_cpp,f8_contraction,NormSpd,NotShort,NoSpin,34.8926,24.89,24.89,0.00251304,0.206667,-0.051957,-3.16901,0.000673696,-1.24504,0.987478,-0.0311642,0.138087,-0.137758,-3,0,-1.25364,1.24466,0,0.727133,-0.115027,-0.0389886,-0.00316124,0,1
sim,nmpc_acados_px4_cpp,f8_contraction,NormSpd,NotShort,NoSpin,34.9926,24.99,24.99,0.00257276,0.0833709,0.0490869,-3.17265,0.000651034,-1.25289,1.00212,-0.0287431,0.0125683,-0.012568,-3,0,-1.25661,1.25654,0,0.726334,-0.115715,-0.034074,-0.00386276,0,1
sim,nmpc_acados_px4_cpp,f8_contraction,NormSpd,NotShort,NoSpin,35.0918,25.09,25.09,0.00173813,-0.0309879,0.141232,-3.17632,0.000533964,-1.25588,1.00164,-0.0249697,-0.113027,0.112846,-3,0,-1.25463,1.24861,0,0.725441,-0.121476,-0.0413818,-0.00354567,0,1
sim,nmpc_acados_px4_cpp,f8_contraction,NormSpd,NotShort,NoSpin,35.1919,25.19,25.19,0.00189747,-0.145252,0.230793,-3.17993,0.000413743,-1.25436,0.987621,-0.0194947,-0.238181,0.236486,-3,0,-1.24769,1.22099,0,0.724996,-0.120582,-0.0378302,-0.00487688,0,1
sim,nmpc_acados_px4_cpp,f8_contraction,NormSpd,NotShort,NoSpin,35.2924,25.29,25.29,0.00238192,-0.268343,0.324205,-3.18355,0.000208259,-1.24789,0.957738,-0.0126952,-0.362412,0.356412,-3,0,-1.23583,1.17411,0,0.724677,-0.122045,-0.0440716,-0.00512832,0,1
sim,nmpc_acados_px4_cpp,f8_contraction,NormSpd,NotShort,NoSpin,35.3918,25.39,25.39,0.00173582,-0.390232,0.412884,-3.18649,-7.13685e-05,-1.23641,0.913607,-0.00483145,-0.485189,0.470695,-3,0,-1.2191,1.10873,0,0.724765,-0.122267,-0.0406073,-0.0052599,0,1
sim,nmpc_acados_px4_cpp,f8_contraction,NormSpd,NotShort,NoSpin,35.4923,25.49,25.49,0.00231024,-0.483167,0.477461,-3.1881,-0.000324843,-1.22446,0.870236,0.00135345,-0.606062,0.577565,-3,0,-1.19755,1.02585,0,0.725203,-0.123864,-0.0393932,-0.00387071,0,1
sim,nmpc_acados_px4_cpp,f8_contraction,NormSpd,NotShort,NoSpin,35.592,25.59,25.59,0.00194789,-0.602063,0.555621,-3.18925,-0.000700264,-1.20442,0.801949,0.00909366,-0.724539,0.675323,-3,0,-1.17128,0.926797,0,0.726027,-0.122528,-0.048001,-0.0035682,0,1
sim,nmpc_acados_px4_cpp,f8_contraction,NormSpd,NotShort,NoSpin,35.6919,25.69,25.69,0.00187047,-0.709123,0.620457,-3.18968,-0.00106517,-1.18172,0.727183,0.0158829,-0.840161,0.762435,-3,0,-1.14038,0.813126,0,0.727,-0.121163,-0.0469992,-0.0031702,0,1
sim,nmpc_acados_px4_cpp,f8_contraction,NormSpd,NotShort,NoSpin,35.7918,25.79,25.79,0.00174252,-0.821822,0.681252,-3.18921,-0.00152706,-1.1523,0.633369,0.0218705,-0.952466,0.837522,-3,0,-1.10498,0.686631,0,0.728264,-0.109365,-0.0515766,-0.0026224,0,1
sim,nmpc_acados_px4_cpp,f8_contraction,NormSpd,NotShort,NoSpin,35.8918,25.89,25.89,0.0018093,-0.93031,0.730597,-3.18793,-0.00194076,-1.11726,0.526982,0.0262515,-1.06101,0.899401,-3,0,-1.06523,0.549306,0,0.729565,-0.0910532,-0.0526587,-0.000325323,0,1
sim,nmpc_acados_px4_cpp,f8_contraction,NormSpd,NotShort,NoSpin,35.9921,25.99,25.99,0.00202153,-1.02618,0.764425,-3.18627,-0.002311,-1.07995,0.41839,0.0289704,-1.16538,0.947098,-3,0,-1.02126,0.40331,0,0.730724,-0.0765181,-0.0468014,-0.0013054,0,1
sim,nmpc_acados_px4_cpp,f8_contraction,NormSpd,NotShort,NoSpin,36.0918,26.09,26.09,0.00175597,-1.1252,0.787402,-3.18374,-0.00276155,-1.03502,0.291327,0.0307113,-1.26514,0.979854,-3,0,-0.973271,0.250967,0,0.731922,-0.0705708,-0.0380618,-0.00213401,0,1
sim,nmpc_acados_px4_cpp,f8_contraction,NormSpd,NotShort,NoSpin,36.1921,26.19,26.19,0.00209367,-1.21184,0.795468,-3.18127,-0.00315768,-0.989691,0.167281,0.0307734,-1.35991,0.997159,-3,0,-0.921434,0.0946529,0,0.732897,-0.0376288,-0.0388357,-0.00112266,0,1
sim,nmpc_acados_px4_cpp,f8_contraction,NormSpd,NotShort,NoSpin,36.2917,26.29,26.29,0.0016921,-1.30078,0.790261,-3.17855,-0.00358837,-0.937395,0.0291462,0.0292759,-1.4493,0.998737,-3,0,-0.86597,-0.0631285,0,0.733639,-0.0196738,-0.037211,-0.000206418,0,1
sim,nmpc_acados_px4_cpp,f8_contraction,NormSpd,NotShort,NoSpin,36.3923,26.39,26.39,0.00225495,-1.37832,0.772751,-3.17638,-0.00390632,-0.886771,-0.0987767,0.0265916,-1.533,0.984562,-3,0,-0.807071,-0.21996,0,0.733867,0.00915039,-0.0398883,0.000769759,0,1
sim,nmpc_acados_px4_cpp,f8_contraction,NormSpd,NotShort,NoSpin,36.4917,26.49,26.49,0.00170233,-1.45706,0.740211,-3.17427,-0.00421284,-0.828723,-0.235078,0.0228525,-1.61061,0.954867,-3,0,-0.745009,-0.373265,0,0.733773,0.0359791,-0.0419128,0.00291028,0,1
sim,nmpc_acados_px4_cpp,f8_contraction,NormSpd,NotShort,NoSpin,36.5918,26.59,26.59,0.00176889,-1.52469,0.698408,-3.17292,-0.00438667,-0.772712,-0.356137,0.0191067,-1.68189,0.910109,-3,0,-0.679996,-0.520713,0,0.733756,0.0464178,-0.043189,0.00246386,0,1
sim,nmpc_acados_px4_cpp,f8_contraction,NormSpd,NotShort,NoSpin,36.6925,26.69,26.69,0.0024321,-1.5918,0.641559,-3.17224,-0.00446868,-0.708757,-0.479502,0.014699,-1.74653,0.850991,-3,0,-0.612292,-0.659962,0,0.733093,0.0676422,-0.0431427,0.00434963,0,1
sim,nmpc_acados_px4_cpp,f8_contraction,NormSpd,NotShort,NoSpin,36.7918,26.79,26.79,0.0018043,-1.64797,0.579339,-3.17205,-0.0044192,-0.646919,-0.584066,0.0111674,-1.80427,0.778465,-3,0,-0.542186,-0.788776,0,0.732754,0.0719453,-0.0426758,0.00477575,0,1
sim,nmpc_acados_px4_cpp,f8_contraction,NormSpd,NotShort,NoSpin,36.8917,26.89,26.89,0.00169793,-1.70247,0.502631,-3.17198,-0.00428281,-0.577326,-0.686371,0.0076478,-1.85489,0.693657,-3,0,-0.469934,-0.905163,0,0.732101,0.0885796,-0.0409927,0.00517913,0,1
sim,nmpc_acados_px4_cpp,f8_contraction,NormSpd,NotShort,NoSpin,36.9922,26.99,26.99,0.00220148,-1.74648,0.423974,-3.17212,-0.00417648,-0.510323,-0.76963,0.00503993,-1.89819,0.597913,-3,0,-0.395829,-1.00727,0,0.731794,0.0932112,-0.0406958,0.00425264,0,1
sim,nmpc_acados_px4_cpp,f8_contraction,NormSpd,NotShort,NoSpin,37.0921,27.09,27.09,0.00206834,-1.78755,0.332268,-3.17233,-0.003936,-0.435541,-0.846562,0.0019385,-1.934,0.492732,-3,0,-0.320158,-1.0935,0,0.731113,0.107989,-0.0369108,0.00560295,0,1
sim,nmpc_acados_px4_cpp,f8_contraction,NormSpd,NotShort,NoSpin,37.1918,27.19,27.19,0.00178101,-1.81941,0.243172,-3.17285,-0.00367703,-0.364545,-0.904187,-0.00010833,-1.96218,0.37979,-3,0,-0.243229,-1.16248,0,0.730755,0.110633,-0.0371826,0.00539424,0,1
sim,nmpc_acados_px4_cpp,f8_contraction,NormSpd,NotShort,NoSpin,37.2923,27.29,27.29,0.00223037,-1.84506,0.151349,-3.17355,-0.00328175,-0.29154,-0.94775,-0.00194134,-1.98261,0.260851,-3,0,-0.165335,-1.21313,0,0.730395,0.111409,-0.0372854,0.00375394,0,1
sim,nmpc_acados_px4_cpp,f8_contraction,NormSpd,NotShort,NoSpin,37.3918,27.39,27.39,0.00173524,-1.86497,0.0500993,-3.17418,-0.00269838,-0.209863,-0.979399,-0.00313416,-1.99522,0.137798,-3,0,-0.0867881,-1.24465,0,0.729878,0.119198,-0.0304887,0.00304619,0,1
sim,nmpc_acados_px4_cpp,f8_contraction,NormSpd,NotShort,NoSpin,37.4924,27.49,27.49,0.00233389,-1.87637,-0.0515709,-3.17443,-0.0019855,-0.126149,-0.994475,-0.00341702,-1.99996,0.0125628,-3,0,-0.00789359,-1.25654,0,0.729631,0.123769,-0.0215925,0.00327216,0,1
sim,nmpc_acados_px4_cpp,f8_contraction,NormSpd,NotShort,NoSpin,37.5923,27.59,27.59,0.00224217,-1.87902,-0.144323,-3.1748,-0.00128283,-0.0472523,-0.994015,-0.0034645,-1.9968,-0.112851,-3,0,0.0710197,-1.24861,0,0.729478,0.122421,-0.0186673,0.000853017,0,1
sim,nmpc_acados_px4_cpp,f8_contraction,NormSpd,NotShort,NoSpin,37.6918,27.69,27.69,0.00173634,-1.87364,-0.241719,-3.17541,-0.000456165,0.0381129,-0.97745,-0.00300196,-1.98577,-0.236495,-3,0,0.149659,-1.22099,0,0.729421,0.118611,-0.0253077,-0.00174949,0,1
sim,nmpc_acados_px4_cpp,f8_contraction,NormSpd,NotShort,NoSpin,37.7924,27.79,27.79,0.00235293,-1.86104,-0.327227,-3.17546,0.000376861,0.117039,-0.947926,-0.00211035,-1.96689,-0.356414,-3,0,0.227711,-1.17411,0,0.729394,0.119331,-0.0230969,-0.00325262,0,1
sim,nmpc_acados_px4_cpp,f8_contraction,NormSpd,NotShort,NoSpin,37.8918,27.89,27.89,0.00179897,-1.83967,-0.413668,-3.17511,0.00122591,0.201441,-0.90105,-0.000775513,-1.94026,-0.470694,-3,0,0.304852,-1.10873,0,0.729532,0.118929,-0.0128398,-0.00485176,0,1
sim,nmpc_acados_px4_cpp,f8_contraction,NormSpd,NotShort,NoSpin,37.9921,27.99,27.99,0.00202368,-1.8133,-0.486227,-3.1751,0.00203185,0.277758,-0.844302,0.000174736,-1.90595,-0.577591,-3,0,0.380819,-1.02583,0,0.72962,0.113457,-0.00636379,-0.00646263,0,1
sim,nmpc_acados_px4_cpp,f8_contraction,NormSpd,NotShort,NoSpin,38.0923,28.09,28.09,0.00229513,-1.78062,-0.55126,-3.1752,0.00282235,0.351603,-0.775936,0.00110191,-1.86414,-0.675333,-3,0,0.455249,-0.926786,0,0.729765,0.108518,-0.0104606,-0.0079465,0,1
sim,nmpc_acados_px4_cpp,f8_contraction,NormSpd,NotShort,NoSpin,38.1918,28.19,28.19,0.00180865,-1.73861,-0.61291,-3.17521,0.00355084,0.429164,-0.690191,0.00253206,-1.81497,-0.762436,-3,0,0.52789,-0.813124,0,0.730031,0.104675,-0.0159045,-0.00926582,0,1
sim,nmpc_acados_px4_cpp,f8_contraction,NormSpd,NotShort,NoSpin,38.2926,28.29,28.29,0.00253821,-1.69786,-0.656916,-3.17502,0.00407409,0.492744,-0.608968,0.00390108,-1.75862,-0.837537,-3,0,0.598467,-0.686602,0,0.730407,0.0943059,-0.0111305,-0.0090325,0,1
sim,nmpc_acados_px4_cpp,f8_contraction,NormSpd,NotShort,NoSpin,38.3921,28.39,28.39,0.00210748,-1.6435,-0.699208,-3.1744,0.00458817,0.565853,-0.50449,0.00570216,-1.69536,-0.899405,-3,0,0.666659,-0.549297,0,0.730985,0.0809927,-0.00405851,-0.0101571,0,1
sim,nmpc_acados_px4_cpp,f8_contraction,NormSpd,NotShort,NoSpin,38.4918,28.49,28.49,0.00173433,-1.58213,-0.730283,-3.17411,0.00496717,0.637354,-0.392023,0.00627765,-1.62539,-0.947096,-3,0,0.732227,-0.403317,0,0.731552,0.075837,-0.00723167,-0.0109617,0,1
sim,nmpc_acados_px4_cpp,f8_contraction,NormSpd,NotShort,NoSpin,38.5927,28.59,28.59,0.00266028,-1.51947,-0.748021,-3.17448,0.00520574,0.701516,-0.282411,0.00627013,-1.54901,-0.979855,-3,0,0.794911,-0.250964,0,0.73165,0.0605241,0.00282621,-0.0116551,0,1
sim,nmpc_acados_px4_cpp,f8_contraction,NormSpd,NotShort,NoSpin,38.6927,28.69,28.69,0.00261572,-1.44514,-0.755022,-3.17487,0.00544009,0.769256,-0.158702,0.00626824,-1.46649,-0.997161,-3,0,0.854468,-0.0946211,0,0.731965,0.0531355,0.00171469,-0.0121453,0,1
sim,nmpc_acados_px4_cpp,f8_contraction,NormSpd,NotShort,NoSpin,38.7921,28.79,28.79,0.00210864,-1.37047,-0.750101,-3.17487,0.0056575,0.829139,-0.0419019,0.00626832,-1.37823,-0.998737,-3,0,0.910625,0.0631364,0,0.732121,0.0325876,0.0130685,-0.0125742,0,1
sim,nmpc_acados_px4_cpp,f8_contraction,NormSpd,NotShort,NoSpin,38.8919,28.89,28.89,0.00190167,-1.28382,-0.732609,-3.1749,0.00588081,0.891319,0.0859001,0.00579472,-1.2845,-0.984564,-3,0,0.963205,0.219946,0,0.732523,0.0227345,0.0118913,-0.0127565,0,1
sim,nmpc_acados_px4_cpp,f8_contraction,NormSpd,NotShort,NoSpin,38.9918,28.99,28.99,0.00179904,-1.19835,-0.705604,-3.17463,0.00607221,0.945475,0.203157,0.00502761,-1.1857,-0.954861,-3,0,1.01198,0.373289,0,0.732494,0.000102701,0.0227202,-0.0128611,0,1
sim,nmpc_acados_px4_cpp,f8_contraction,NormSpd,NotShort,NoSpin,39.0918,29.09,29.09,0.00174215,-1.10749,-0.667854,-3.17449,0.00626311,0.996704,0.318585,0.00375213,-1.08224,-0.910105,-3,0,1.05676,0.520721,0,0.732723,-0.0110423,0.0226752,-0.0127658,0,1
sim,nmpc_acados_px4_cpp,f8_contraction,NormSpd,NotShort,NoSpin,39.1918,29.19,29.19,0.00174367,-1.00326,-0.61546,-3.1742,0.00641091,1.04855,0.43918,0.00200938,-0.974497,-0.850992,-3,0,1.09738,0.659958,0,0.732322,-0.0362319,0.0364012,-0.0125224,0,1
sim,nmpc_acados_px4_cpp,f8_contraction,NormSpd,NotShort,NoSpin,39.2918,29.29,29.29,0.00177988,-0.901942,-0.557313,-3.17392,0.00655822,1.09271,0.544193,-0.000139542,-0.862922,-0.778469,-3,0,1.13365,0.788769,0,0.732227,-0.047071,0.0367742,-0.0120563,0,1
sim,nmpc_acados_px4_cpp,f8_contraction,NormSpd,NotShort,NoSpin,39.3921,29.39,29.39,0.00206023,-0.787665,-0.484159,-3.17372,0.00666532,1.13545,0.649715,-0.0029632,-0.747907,-0.693645,-3,0,1.16546,0.905177,0,0.731411,-0.0725653,0.0509897,-0.011529,0,1
sim,nmpc_acados_px4_cpp,f8_contraction,NormSpd,NotShort,NoSpin,39.4918,29.49,29.49,0.00178679,-0.670671,-0.401146,-3.17436,0.00686203,1.17079,0.744953,-0.00526268,-0.629981,-0.597912,-3,0,1.19267,1.00727,0,0.730902,-0.0843581,0.0452908,-0.0108318,0,1
sim,nmpc_acados_px4_cpp,f8_contraction,NormSpd,NotShort,NoSpin,39.5918,29.59,29.59,0.00175603,-0.561097,-0.317328,-3.1758,0.00701926,1.19667,0.82124,-0.00692077,-0.509551,-0.492736,-3,0,1.21517,1.0935,0,0.729679,-0.104732,0.0474378,-0.0100837,0,1
sim,nmpc_acados_px4_cpp,f8_contraction,NormSpd,NotShort,NoSpin,39.6919,29.69,29.69,0.00188215,-0.449687,-0.227814,-3.17707,0.00706846,1.21667,0.884899,-0.00810488,-0.387106,-0.379786,-3,0,1.23287,1.16248,0,0.729018,-0.11208,0.0379713,-0.00920962,0,1
sim,nmpc_acados_px4_cpp,f8_contraction,NormSpd,NotShort,NoSpin,39.792,29.79,29.79,0.00194099,-0.327805,-0.126122,-3.17832,0.00704299,1.23289,0.938448,-0.00830397,-0.263132,-0.260845,-3,0,1.24571,1.21313,0,0.728125,-0.127811,0.042802,-0.0095835,0,1
sim,nmpc_acados_px4_cpp,f8_contraction,NormSpd,NotShort,NoSpin,39.8918,29.89,29.89,0.0017913,-0.223848,-0.0379194,-3.17962,0.00690801,1.24259,0.970316,-0.00821442,-0.138125,-0.137795,-3,0,1.25364,1.24465,0,0.727589,-0.132163,0.0383107,-0.0082311,0,1
sim,nmpc_acados_px4_cpp,f8_contraction,NormSpd,NotShort,NoSpin,39.9924,29.99,29.99,0.00240064,-0.100353,0.06648,-3.18136,0.0065816,1.25068,0.991212,-0.00738051,-0.0125728,-0.0125725,-3,0,1.25661,1.25654,0,0.72687,-0.139812,0.0482509,-0.00818194,0,1
